Workbook

Sheet Full Mobility Curves
A1: Aware1 | C1: Aware2 | E1: Aware3 | G1: Aware4 | I1: Aware5 | K1: Learn1 | M1: Learn2 | O1: Learn3 | Q1: Learn4 | S1: Learn5 | U1: Rich1 | W1: Rich2 | Y1: Rich3 | AA1: Rich4 | AC1: Rich5 | AE1: Baserun1 | AG1: Baserun2 | AI1: Baserun3 | AK1: Baserun4 | AM1: Baserun5 | AO1: Aware Full | AQ1: Learn Full | AS1: Rich Full | AU1: Baseline Full
A2: New cases | B2: Mobility | C2: New cases | D2: Mobility | E2: New cases | F2: Mobility | G2: New cases | H2: Mobility | I2: New cases | J2: Mobility | K2: New cases | L2: Mobility | M2: New cases | N2: Mobility | O2: New cases | P2: Mobility | Q2: New cases | R2: Mobility | S2: New cases | T2: Mobility | U2: New cases | V2: Mobility | W2: New cases | X2: Mobility | Y2: New cases | Z2: Mobility | AA2: New cases | AB2: Mobility | AC2: New cases | AD2: Mobility | AE2: New cases | AF2: Mobility | AG2: New cases | AH2: Mobility | AI2: New cases | AJ2: Mobility | AK2: New cases | AL2: Mobility | AM2: New cases | AN2: Mobility | AO2: New Cases | AP2: Mobility | AQ2: New Cases | AR2: Mobility | AS2: New Cases | AT2: Mobility | AU2: New Cases | AV2: Mobility
A3: =Aware1!$K2/100 -> 0 | B3: =Aware1!$G3/100 -> 1 | C3: =Aware2!$K2/100 -> 0 | D3: =Aware2!$G3/100 -> 1 | E3: =Aware3!$K2/100 -> 0 | F3: =Aware3!$G3/100 -> 1 | G3: =Aware4!$K2/100 -> 0 | H3: =Aware4!$G3/100 -> 1 | I3: =Aware5!$K2/100 -> 0 | J3: =Aware5!$G3/100 -> 1 | K3: =Learn1!$K2/100 -> 0 | L3: =Learn1!$G3/100 -> 1 | M3: =Learn2!$K2/100 -> 0 | N3: =Learn2!$G3/100 -> 1 | O3: =Learn3!$K2/100 -> 0 | P3: =Learn3!$G3/100 -> 0.98 | Q3: =Learn4!$K2/100 -> 0 | R3: =Learn4!$G3/100 -> 0.98 | S3: =Learn5!$K2/100 -> 0 | T3: =Learn5!$G3/100 -> 0.98 | U3: =Rich1!$K2/100 -> 0 | V3: =Rich1!$G3/100 -> 0.99 | W3: =Rich2!$K2/100 -> 0 | X3: =Rich2!$G3/100 -> 0.98 | Y3: =Rich3!$K2/100 -> 0 | Z3: =Rich3!$G3/100 -> 0.95 | AA3: =Rich4!$K2/100 -> 0 | AB3: =Rich4!$G3/100 -> 0.98 | AC3: =Rich5!$K2/100 -> 0 | AD3: =Rich5!$G3/100 -> 0.98 | AE3: =Baserun1!$K2/100 -> 0 | AF3: =Baserun1!$G3/100 -> 1 | AG3: =Baserun2!$K2/100 -> 0 | AH3: =Baserun2!$G3/100 -> 1 | AI3: =Baserun3!$K2/100 -> 0 | AJ3: =Baserun3!$G3/100 -> 1 | AK3: =Baserun4!$K2/100 -> 0 | AL3: =Baserun4!$G3/100 -> 1 | AM3: =Baserun5!$K2/100 -> 0 | AN3: =Baserun5!$G3/100 -> 0.99 | AO3: =A3 -> 0 | AP3: =B3 -> 1 | AQ3: =K3 -> 0 | AR3: =L3 -> 1 | AS3: =U3 -> 0 | AT3: =V3 -> 0.99 | AU3: =AE3 -> 0 | AV3: =AF3 -> 1
A4: =Aware1!$K3/100 -> 0 | B4: =Aware1!$G4/100 -> 1 | C4: =Aware2!$K3/100 -> 0 | D4: =Aware2!$G4/100 -> 1 | E4: =Aware3!$K3/100 -> 0 | F4: =Aware3!$G4/100 -> 1 | G4: =Aware4!$K3/100 -> 0 | H4: =Aware4!$G4/100 -> 1 | I4: =Aware5!$K3/100 -> 0 | J4: =Aware5!$G4/100 -> 1 | K4: =Learn1!$K3/100 -> 0 | L4: =Learn1!$G4/100 -> 0.99 | M4: =Learn2!$K3/100 -> 0 | N4: =Learn2!$G4/100 -> 1 | O4: =Learn3!$K3/100 -> 0 | P4: =Learn3!$G4/100 -> 0.98 | Q4: =Learn4!$K3/100 -> 0 | R4: =Learn4!$G4/100 -> 0.98 | S4: =Learn5!$K3/100 -> 0 | T4: =Learn5!$G4/100 -> 0.98 | U4: =Rich1!$K3/100 -> 0 | V4: =Rich1!$G4/100 -> 0.99 | W4: =Rich2!$K3/100 -> 0 | X4: =Rich2!$G4/100 -> 0.97 | Y4: =Rich3!$K3/100 -> 0 | Z4: =Rich3!$G4/100 -> 0.95 | AA4: =Rich4!$K3/100 -> 0 | AB4: =Rich4!$G4/100 -> 0.95 | AC4: =Rich5!$K3/100 -> 0 | AD4: =Rich5!$G4/100 -> 0.98 | AE4: =Baserun1!$K3/100 -> 0 | AF4: =Baserun1!$G4/100 -> 1 | AG4: =Baserun2!$K3/100 -> 0 | AH4: =Baserun2!$G4/100 -> 1 | AI4: =Baserun3!$K3/100 -> 0 | AJ4: =Baserun3!$G4/100 -> 1 | AK4: =Baserun4!$K3/100 -> 0 | AL4: =Baserun4!$G4/100 -> 1 | AM4: =Baserun5!$K3/100 -> 0 | AN4: =Baserun5!$G4/100 -> 0.99 | AO4: =A4 -> 0 | AP4: =B4 -> 1 | AQ4: =K4 -> 0 | AR4: =L4 -> 0.99 | AS4: =U4 -> 0 | AT4: =V4 -> 0.99 | AU4: =AE4 -> 0 | AV4: =AF4 -> 1
A5: =Aware1!$K4/100 -> 0 | B5: =Aware1!$G5/100 -> 1 | C5: =Aware2!$K4/100 -> 0 | D5: =Aware2!$G5/100 -> 0.99 | E5: =Aware3!$K4/100 -> 0 | F5: =Aware3!$G5/100 -> 0.99 | G5: =Aware4!$K4/100 -> 0 | H5: =Aware4!$G5/100 -> 0.99 | I5: =Aware5!$K4/100 -> 0 | J5: =Aware5!$G5/100 -> 1 | K5: =Learn1!$K4/100 -> 0 | L5: =Learn1!$G5/100 -> 1 | M5: =Learn2!$K4/100 -> 0 | N5: =Learn2!$G5/100 -> 1 | O5: =Learn3!$K4/100 -> 0 | P5: =Learn3!$G5/100 -> 0.98 | Q5: =Learn4!$K4/100 -> 0 | R5: =Learn4!$G5/100 -> 0.97 | S5: =Learn5!$K4/100 -> 0 | T5: =Learn5!$G5/100 -> 0.98 | U5: =Rich1!$K4/100 -> 0 | V5: =Rich1!$G5/100 -> 0.97 | W5: =Rich2!$K4/100 -> 0 | X5: =Rich2!$G5/100 -> 0.97 | Y5: =Rich3!$K4/100 -> 0 | Z5: =Rich3!$G5/100 -> 0.95 | AA5: =Rich4!$K4/100 -> 0 | AB5: =Rich4!$G5/100 -> 0.98 | AC5: =Rich5!$K4/100 -> 0 | AD5: =Rich5!$G5/100 -> 0.96 | AE5: =Baserun1!$K4/100 -> 0 | AF5: =Baserun1!$G5/100 -> 1 | AG5: =Baserun2!$K4/100 -> 0 | AH5: =Baserun2!$G5/100 -> 0.99 | AI5: =Baserun3!$K4/100 -> 0 | AJ5: =Baserun3!$G5/100 -> 0.99 | AK5: =Baserun4!$K4/100 -> 0 | AL5: =Baserun4!$G5/100 -> 0.99 | AM5: =Baserun5!$K4/100 -> 0 | AN5: =Baserun5!$G5/100 -> 0.99 | AO5: =A5 -> 0 | AP5: =B5 -> 1 | AQ5: =K5 -> 0 | AR5: =L5 -> 1 | AS5: =U5 -> 0 | AT5: =V5 -> 0.97 | AU5: =AE5 -> 0 | AV5: =AF5 -> 1
A6: =Aware1!$K5/100 -> 0.02 | B6: =Aware1!$G6/100 -> 0.34 | C6: =Aware2!$K5/100 -> 0.02 | D6: =Aware2!$G6/100 -> 0.27 | E6: =Aware3!$K5/100 -> 0.02 | F6: =Aware3!$G6/100 -> 0.28 | G6: =Aware4!$K5/100 -> 0.02 | H6: =Aware4!$G6/100 -> 0.32 | I6: =Aware5!$K5/100 -> 0.02 | J6: =Aware5!$G6/100 -> 0.34 | K6: =Learn1!$K5/100 -> 0.02 | L6: =Learn1!$G6/100 -> 0.19 | M6: =Learn2!$K5/100 -> 0.02 | N6: =Learn2!$G6/100 -> 0.11 | O6: =Learn3!$K5/100 -> 0.02 | P6: =Learn3!$G6/100 -> 0.05 | Q6: =Learn4!$K5/100 -> 0.02 | R6: =Learn4!$G6/100 -> 0.14 | S6: =Learn5!$K5/100 -> 0.02 | T6: =Learn5!$G6/100 -> 0.2 | U6: =Rich1!$K5/100 -> 0.02 | V6: =Rich1!$G6/100 -> 0.5 | W6: =Rich2!$K5/100 -> 0.02 | X6: =Rich2!$G6/100 -> 0.54 | Y6: =Rich3!$K5/100 -> 0.02 | Z6: =Rich3!$G6/100 -> 0.54 | AA6: =Rich4!$K5/100 -> 0.02 | AB6: =Rich4!$G6/100 -> 0.48 | AC6: =Rich5!$K5/100 -> 0.02 | AD6: =Rich5!$G6/100 -> 0.41 | AE6: =Baserun1!$K5/100 -> 0.02 | AF6: =Baserun1!$G6/100 -> 0.39 | AG6: =Baserun2!$K5/100 -> 0.02 | AH6: =Baserun2!$G6/100 -> 0.37 | AI6: =Baserun3!$K5/100 -> 0.02 | AJ6: =Baserun3!$G6/100 -> 0.38 | AK6: =Baserun4!$K5/100 -> 0.02 | AL6: =Baserun4!$G6/100 -> 0.37 | AM6: =Baserun5!$K5/100 -> 0.02 | AN6: =Baserun5!$G6/100 -> 0.3 | AO6: =A6 -> 0.02 | AP6: =B6 -> 0.34 | AQ6: =K6 -> 0.02 | AR6: =L6 -> 0.19 | AS6: =U6 -> 0.02 | AT6: =V6 -> 0.5 | AU6: =AE6 -> 0.02 | AV6: =AF6 -> 0.39
A7: =Aware1!$K6/100 -> 0.03 | B7: =Aware1!$G7/100 -> 0.33 | C7: =Aware2!$K6/100 -> 0 | D7: =Aware2!$G7/100 -> 0.98 | E7: =Aware3!$K6/100 -> 0 | F7: =Aware3!$G7/100 -> 0.98 | G7: =Aware4!$K6/100 -> 0.02 | H7: =Aware4!$G7/100 -> 0.28 | I7: =Aware5!$K6/100 -> 0.02 | J7: =Aware5!$G7/100 -> 0.34 | K7: =Learn1!$K6/100 -> 0 | L7: =Learn1!$G7/100 -> 0.98 | M7: =Learn2!$K6/100 -> 0 | N7: =Learn2!$G7/100 -> 0.98 | O7: =Learn3!$K6/100 -> 0.01 | P7: =Learn3!$G7/100 -> 0.17 | Q7: =Learn4!$K6/100 -> 0.02 | R7: =Learn4!$G7/100 -> 0.14 | S7: =Learn5!$K6/100 -> 0.01 | T7: =Learn5!$G7/100 -> 0.26 | U7: =Rich1!$K6/100 -> 0.03 | V7: =Rich1!$G7/100 -> 0.45 | W7: =Rich2!$K6/100 -> 0.01 | X7: =Rich2!$G7/100 -> 0.79 | Y7: =Rich3!$K6/100 -> 0.02 | Z7: =Rich3!$G7/100 -> 0.49 | AA7: =Rich4!$K6/100 -> 0.03 | AB7: =Rich4!$G7/100 -> 0.42 | AC7: =Rich5!$K6/100 -> 0.05 | AD7: =Rich5!$G7/100 -> 0.41 | AE7: =Baserun1!$K6/100 -> 0 | AF7: =Baserun1!$G7/100 -> 0.97 | AG7: =Baserun2!$K6/100 -> 0.04 | AH7: =Baserun2!$G7/100 -> 0.36 | AI7: =Baserun3!$K6/100 -> 0.01 | AJ7: =Baserun3!$G7/100 -> 0.52 | AK7: =Baserun4!$K6/100 -> 0.03 | AL7: =Baserun4!$G7/100 -> 0.42 | AM7: =Baserun5!$K6/100 -> 0.01 | AN7: =Baserun5!$G7/100 -> 0.46 | AO7: =A7 -> 0.03 | AP7: =B7 -> 0.33 | AQ7: =K7 -> 0 | AR7: =L7 -> 0.98 | AS7: =U7 -> 0.03 | AT7: =V7 -> 0.45 | AU7: =AE7 -> 0 | AV7: =AF7 -> 0.97
A8: =Aware1!$K7/100 -> 0.02 | B8: =Aware1!$G8/100 -> 0.33 | C8: =Aware2!$K7/100 -> 0 | D8: =Aware2!$G8/100 -> 0.99 | E8: =Aware3!$K7/100 -> 0.01 | F8: =Aware3!$G8/100 -> 0.5 | G8: =Aware4!$K7/100 -> 0.04 | H8: =Aware4!$G8/100 -> 0.28 | I8: =Aware5!$K7/100 -> 0.05 | J8: =Aware5!$G8/100 -> 0.2 | K8: =Learn1!$K7/100 -> 0.01 | L8: =Learn1!$G8/100 -> 0.23 | M8: =Learn2!$K7/100 -> 0.03 | N8: =Learn2!$G8/100 -> 0.2 | O8: =Learn3!$K7/100 -> 0.01 | P8: =Learn3!$G8/100 -> 0.16 | Q8: =Learn4!$K7/100 -> 0.03 | R8: =Learn4!$G8/100 -> 0.15 | S8: =Learn5!$K7/100 -> 0.04 | T8: =Learn5!$G8/100 -> 0.18 | U8: =Rich1!$K7/100 -> 0.04 | V8: =Rich1!$G8/100 -> 0.47 | W8: =Rich2!$K7/100 -> 0.02 | X8: =Rich2!$G8/100 -> 0.51 | Y8: =Rich3!$K7/100 -> 0 | Z8: =Rich3!$G8/100 -> 0.93 | AA8: =Rich4!$K7/100 -> 0.05 | AB8: =Rich4!$G8/100 -> 0.4 | AC8: =Rich5!$K7/100 -> 0.05 | AD8: =Rich5!$G8/100 -> 0.45 | AE8: =Baserun1!$K7/100 -> 0.05 | AF8: =Baserun1!$G8/100 -> 0.37 | AG8: =Baserun2!$K7/100 -> 0.09 | AH8: =Baserun2!$G8/100 -> 0.28 | AI8: =Baserun3!$K7/100 -> 0.03 | AJ8: =Baserun3!$G8/100 -> 0.37 | AK8: =Baserun4!$K7/100 -> 0.04 | AL8: =Baserun4!$G8/100 -> 0.34 | AM8: =Baserun5!$K7/100 -> 0.02 | AN8: =Baserun5!$G8/100 -> 0.29 | AO8: =A8 -> 0.02 | AP8: =B8 -> 0.33 | AQ8: =K8 -> 0.01 | AR8: =L8 -> 0.23 | AS8: =U8 -> 0.04 | AT8: =V8 -> 0.47 | AU8: =AE8 -> 0.05 | AV8: =AF8 -> 0.37
A9: =Aware1!$K8/100 -> 0.07 | B9: =Aware1!$G9/100 -> 0.25 | C9: =Aware2!$K8/100 -> 0.01 | D9: =Aware2!$G9/100 -> 0.61 | E9: =Aware3!$K8/100 -> 0.02 | F9: =Aware3!$G9/100 -> 0.3 | G9: =Aware4!$K8/100 -> 0.03 | H9: =Aware4!$G9/100 -> 0.33 | I9: =Aware5!$K8/100 -> 0.08 | J9: =Aware5!$G9/100 -> 0.2 | K9: =Learn1!$K8/100 -> 0.04 | L9: =Learn1!$G9/100 -> 0.14 | M9: =Learn2!$K8/100 -> 0.05 | N9: =Learn2!$G9/100 -> 0.13 | O9: =Learn3!$K8/100 -> 0.06 | P9: =Learn3!$G9/100 -> 0.1 | Q9: =Learn4!$K8/100 -> 0.06 | R9: =Learn4!$G9/100 -> 0.14 | S9: =Learn5!$K8/100 -> 0.04 | T9: =Learn5!$G9/100 -> 0.19 | U9: =Rich1!$K8/100 -> 0.04 | V9: =Rich1!$G9/100 -> 0.49 | W9: =Rich2!$K8/100 -> 0.04 | X9: =Rich2!$G9/100 -> 0.49 | Y9: =Rich3!$K8/100 -> 0 | Z9: =Rich3!$G9/100 -> 0.93 | AA9: =Rich4!$K8/100 -> 0.06 | AB9: =Rich4!$G9/100 -> 0.36 | AC9: =Rich5!$K8/100 -> 0.06 | AD9: =Rich5!$G9/100 -> 0.54 | AE9: =Baserun1!$K8/100 -> 0.08 | AF9: =Baserun1!$G9/100 -> 0.3 | AG9: =Baserun2!$K8/100 -> 0.1 | AH9: =Baserun2!$G9/100 -> 0.14 | AI9: =Baserun3!$K8/100 -> 0.03 | AJ9: =Baserun3!$G9/100 -> 0.34 | AK9: =Baserun4!$K8/100 -> 0.06 | AL9: =Baserun4!$G9/100 -> 0.3 | AM9: =Baserun5!$K8/100 -> 0.06 | AN9: =Baserun5!$G9/100 -> 0.26 | AO9: =A9 -> 0.07 | AP9: =B9 -> 0.25 | AQ9: =K9 -> 0.04 | AR9: =L9 -> 0.14 | AS9: =U9 -> 0.04 | AT9: =V9 -> 0.49 | AU9: =AE9 -> 0.08 | AV9: =AF9 -> 0.3
A10: =Aware1!$K9/100 -> 0.03 | B10: =Aware1!$G10/100 -> 0.32 | C10: =Aware2!$K9/100 -> 0 | D10: =Aware2!$G10/100 -> 0.99 | E10: =Aware3!$K9/100 -> 0 | F10: =Aware3!$G10/100 -> 0.98 | G10: =Aware4!$K9/100 -> 0.01 | H10: =Aware4!$G10/100 -> 0.52 | I10: =Aware5!$K9/100 -> 0.01 | J10: =Aware5!$G10/100 -> 0.47 | K10: =Learn1!$K9/100 -> 0.04 | L10: =Learn1!$G10/100 -> 0.15 | M10: =Learn2!$K9/100 -> 0.03 | N10: =Learn2!$G10/100 -> 0.14 | O10: =Learn3!$K9/100 -> 0 | P10: =Learn3!$G10/100 -> 0.93 | Q10: =Learn4!$K9/100 -> 0 | R10: =Learn4!$G10/100 -> 0.93 | S10: =Learn5!$K9/100 -> 0.01 | T10: =Learn5!$G10/100 -> 0.24 | U10: =Rich1!$K9/100 -> 0.05 | V10: =Rich1!$G10/100 -> 0.39 | W10: =Rich2!$K9/100 -> 0.05 | X10: =Rich2!$G10/100 -> 0.51 | Y10: =Rich3!$K9/100 -> 0.03 | Z10: =Rich3!$G10/100 -> 0.43 | AA10: =Rich4!$K9/100 -> 0.07 | AB10: =Rich4!$G10/100 -> 0.34 | AC10: =Rich5!$K9/100 -> 0.02 | AD10: =Rich5!$G10/100 -> 0.46 | AE10: =Baserun1!$K9/100 -> 0.04 | AF10: =Baserun1!$G10/100 -> 0.3 | AG10: =Baserun2!$K9/100 -> 0.06 | AH10: =Baserun2!$G10/100 -> 0.26 | AI10: =Baserun3!$K9/100 -> 0.03 | AJ10: =Baserun3!$G10/100 -> 0.29 | AK10: =Baserun4!$K9/100 -> 0.03 | AL10: =Baserun4!$G10/100 -> 0.32 | AM10: =Baserun5!$K9/100 -> 0.02 | AN10: =Baserun5!$G10/100 -> 0.21 | AO10: =A10 -> 0.03 | AP10: =B10 -> 0.32 | AQ10: =K10 -> 0.04 | AR10: =L10 -> 0.15 | AS10: =U10 -> 0.05 | AT10: =V10 -> 0.39 | AU10: =AE10 -> 0.04 | AV10: =AF10 -> 0.3
A11: =Aware1!$K10/100 -> 0 | B11: =Aware1!$G11/100 -> 0.95 | C11: =Aware2!$K10/100 -> 0.01 | D11: =Aware2!$G11/100 -> 0.56 | E11: =Aware3!$K10/100 -> 0.01 | F11: =Aware3!$G11/100 -> 0.47 | G11: =Aware4!$K10/100 -> 0.03 | H11: =Aware4!$G11/100 -> 0.33 | I11: =Aware5!$K10/100 -> 0.09 | J11: =Aware5!$G11/100 -> 0.09 | K11: =Learn1!$K10/100 -> 0.09 | L11: =Learn1!$G11/100 -> 0.1 | M11: =Learn2!$K10/100 -> 0.09 | N11: =Learn2!$G11/100 -> 0.14 | O11: =Learn3!$K10/100 -> 0 | P11: =Learn3!$G11/100 -> 0.99 | Q11: =Learn4!$K10/100 -> 0 | R11: =Learn4!$G11/100 -> 0.98 | S11: =Learn5!$K10/100 -> 0.02 | T11: =Learn5!$G11/100 -> 0.17 | U11: =Rich1!$K10/100 -> 0.06 | V11: =Rich1!$G11/100 -> 0.41 | W11: =Rich2!$K10/100 -> 0.07 | X11: =Rich2!$G11/100 -> 0.35 | Y11: =Rich3!$K10/100 -> 0.03 | Z11: =Rich3!$G11/100 -> 0.46 | AA11: =Rich4!$K10/100 -> 0.07 | AB11: =Rich4!$G11/100 -> 0.33 | AC11: =Rich5!$K10/100 -> 0.05 | AD11: =Rich5!$G11/100 -> 0.37 | AE11: =Baserun1!$K10/100 -> 0.15 | AF11: =Baserun1!$G11/100 -> 0.22 | AG11: =Baserun2!$K10/100 -> 0.05 | AH11: =Baserun2!$G11/100 -> 0.18 | AI11: =Baserun3!$K10/100 -> 0.02 | AJ11: =Baserun3!$G11/100 -> 0.32 | AK11: =Baserun4!$K10/100 -> 0.06 | AL11: =Baserun4!$G11/100 -> 0.21 | AM11: =Baserun5!$K10/100 -> 0.06 | AN11: =Baserun5!$G11/100 -> 0.23 | AO11: =A11 -> 0 | AP11: =B11 -> 0.95 | AQ11: =K11 -> 0.09 | AR11: =L11 -> 0.1 | AS11: =U11 -> 0.06 | AT11: =V11 -> 0.41 | AU11: =AE11 -> 0.15 | AV11: =AF11 -> 0.22
A12: =Aware1!$K11/100 -> 0.03 | B12: =Aware1!$G12/100 -> 0.28 | C12: =Aware2!$K11/100 -> 0.03 | D12: =Aware2!$G12/100 -> 0.29 | E12: =Aware3!$K11/100 -> 0.01 | F12: =Aware3!$G12/100 -> 0.48 | G12: =Aware4!$K11/100 -> 0.01 | H12: =Aware4!$G12/100 -> 0.57 | I12: =Aware5!$K11/100 -> 0.05 | J12: =Aware5!$G12/100 -> 0.12 | K12: =Learn1!$K11/100 -> 0.05 | L12: =Learn1!$G12/100 -> 0.13 | M12: =Learn2!$K11/100 -> 0.04 | N12: =Learn2!$G12/100 -> 0.18 | O12: =Learn3!$K11/100 -> 0 | P12: =Learn3!$G12/100 -> 0.98 | Q12: =Learn4!$K11/100 -> 0 | R12: =Learn4!$G12/100 -> 0.98 | S12: =Learn5!$K11/100 -> 0.03 | T12: =Learn5!$G12/100 -> 0.14 | U12: =Rich1!$K11/100 -> 0.1 | V12: =Rich1!$G12/100 -> 0.46 | W12: =Rich2!$K11/100 -> 0.08 | X12: =Rich2!$G12/100 -> 0.39 | Y12: =Rich3!$K11/100 -> 0.07 | Z12: =Rich3!$G12/100 -> 0.35 | AA12: =Rich4!$K11/100 -> 0.06 | AB12: =Rich4!$G12/100 -> 0.26 | AC12: =Rich5!$K11/100 -> 0.09 | AD12: =Rich5!$G12/100 -> 0.4 | AE12: =Baserun1!$K11/100 -> 0.07 | AF12: =Baserun1!$G12/100 -> 0.2 | AG12: =Baserun2!$K11/100 -> 0.07 | AH12: =Baserun2!$G12/100 -> 0.27 | AI12: =Baserun3!$K11/100 -> 0.04 | AJ12: =Baserun3!$G12/100 -> 0.35 | AK12: =Baserun4!$K11/100 -> 0.07 | AL12: =Baserun4!$G12/100 -> 0.23 | AM12: =Baserun5!$K11/100 -> 0.04 | AN12: =Baserun5!$G12/100 -> 0.26 | AO12: =A12 -> 0.03 | AP12: =B12 -> 0.28 | AQ12: =K12 -> 0.05 | AR12: =L12 -> 0.13 | AS12: =U12 -> 0.1 | AT12: =V12 -> 0.46 | AU12: =AE12 -> 0.07 | AV12: =AF12 -> 0.2
A13: =Aware1!$K12/100 -> 0.04 | B13: =Aware1!$G13/100 -> 0.19 | C13: =Aware2!$K12/100 -> 0.02 | D13: =Aware2!$G13/100 -> 0.25 | E13: =Aware3!$K12/100 -> 0.02 | F13: =Aware3!$G13/100 -> 0.23 | G13: =Aware4!$K12/100 -> 0.04 | H13: =Aware4!$G13/100 -> 0.24 | I13: =Aware5!$K12/100 -> 0.04 | J13: =Aware5!$G13/100 -> 0.18 | K13: =Learn1!$K12/100 -> 0.03 | L13: =Learn1!$G13/100 -> 0.14 | M13: =Learn2!$K12/100 -> 0.03 | N13: =Learn2!$G13/100 -> 0.1 | O13: =Learn3!$K12/100 -> 0 | P13: =Learn3!$G13/100 -> 0.98 | Q13: =Learn4!$K12/100 -> 0.03 | R13: =Learn4!$G13/100 -> 0.19 | S13: =Learn5!$K12/100 -> 0.03 | T13: =Learn5!$G13/100 -> 0.11 | U13: =Rich1!$K12/100 -> 0.04 | V13: =Rich1!$G13/100 -> 0.42 | W13: =Rich2!$K12/100 -> 0.06 | X13: =Rich2!$G13/100 -> 0.36 | Y13: =Rich3!$K12/100 -> 0.1 | Z13: =Rich3!$G13/100 -> 0.41 | AA13: =Rich4!$K12/100 -> 0.06 | AB13: =Rich4!$G13/100 -> 0.3 | AC13: =Rich5!$K12/100 -> 0.12 | AD13: =Rich5!$G13/100 -> 0.45 | AE13: =Baserun1!$K12/100 -> 0.07 | AF13: =Baserun1!$G13/100 -> 0.18 | AG13: =Baserun2!$K12/100 -> 0.02 | AH13: =Baserun2!$G13/100 -> 0.26 | AI13: =Baserun3!$K12/100 -> 0.05 | AJ13: =Baserun3!$G13/100 -> 0.41 | AK13: =Baserun4!$K12/100 -> 0.04 | AL13: =Baserun4!$G13/100 -> 0.25 | AM13: =Baserun5!$K12/100 -> 0.03 | AN13: =Baserun5!$G13/100 -> 0.26 | AO13: =A13 -> 0.04 | AP13: =B13 -> 0.19 | AQ13: =K13 -> 0.03 | AR13: =L13 -> 0.14 | AS13: =U13 -> 0.04 | AT13: =V13 -> 0.42 | AU13: =AE13 -> 0.07 | AV13: =AF13 -> 0.18
A14: =Aware1!$K13/100 -> 0.05 | B14: =Aware1!$G14/100 -> 0.26 | C14: =Aware2!$K13/100 -> 0.05 | D14: =Aware2!$G14/100 -> 0.23 | E14: =Aware3!$K13/100 -> 0.08 | F14: =Aware3!$G14/100 -> 0.2 | G14: =Aware4!$K13/100 -> 0.02 | H14: =Aware4!$G14/100 -> 0.28 | I14: =Aware5!$K13/100 -> 0.1 | J14: =Aware5!$G14/100 -> 0.16 | K14: =Learn1!$K13/100 -> 0.03 | L14: =Learn1!$G14/100 -> 0.14 | M14: =Learn2!$K13/100 -> 0.05 | N14: =Learn2!$G14/100 -> 0.14 | O14: =Learn3!$K13/100 -> 0.03 | P14: =Learn3!$G14/100 -> 0.15 | Q14: =Learn4!$K13/100 -> 0.04 | R14: =Learn4!$G14/100 -> 0.14 | S14: =Learn5!$K13/100 -> 0.07 | T14: =Learn5!$G14/100 -> 0.09 | U14: =Rich1!$K13/100 -> 0.05 | V14: =Rich1!$G14/100 -> 0.38 | W14: =Rich2!$K13/100 -> 0.11 | X14: =Rich2!$G14/100 -> 0.36 | Y14: =Rich3!$K13/100 -> 0.08 | Z14: =Rich3!$G14/100 -> 0.39 | AA14: =Rich4!$K13/100 -> 0.07 | AB14: =Rich4!$G14/100 -> 0.24 | AC14: =Rich5!$K13/100 -> 0.05 | AD14: =Rich5!$G14/100 -> 0.39 | AE14: =Baserun1!$K13/100 -> 0.08 | AF14: =Baserun1!$G14/100 -> 0.17 | AG14: =Baserun2!$K13/100 -> 0.05 | AH14: =Baserun2!$G14/100 -> 0.23 | AI14: =Baserun3!$K13/100 -> 0.02 | AJ14: =Baserun3!$G14/100 -> 0.3 | AK14: =Baserun4!$K13/100 -> 0.07 | AL14: =Baserun4!$G14/100 -> 0.23 | AM14: =Baserun5!$K13/100 -> 0.05 | AN14: =Baserun5!$G14/100 -> 0.21 | AO14: =A14 -> 0.05 | AP14: =B14 -> 0.26 | AQ14: =K14 -> 0.03 | AR14: =L14 -> 0.14 | AS14: =U14 -> 0.05 | AT14: =V14 -> 0.38 | AU14: =AE14 -> 0.08 | AV14: =AF14 -> 0.17
... A23: =Aware1!$K22/100 -> 0 | B23: =Aware1!$G23/100 -> 1 | C23: =Aware2!$K22/100 -> 0 | D23: =Aware2!$G23/100 -> 0.99 | E23: =Aware3!$K22/100 -> 0.01 | F23: =Aware3!$G23/100 -> 0.44 | G23: =Aware4!$K22/100 -> 0 | H23: =Aware4!$G23/100 -> 0.97 | I23: =Aware5!$K22/100 -> 0 | J23: =Aware5!$G23/100 -> 0.99 | K23: =Learn1!$K22/100 -> 0.01 | L23: =Learn1!$G23/100 -> 0.23 | M23: =Learn2!$K22/100 -> 0 | N23: =Learn2!$G23/100 -> 0.99 | O23: =Learn3!$K22/100 -> 0 | P23: =Learn3!$G23/100 -> 0.97 | Q23: =Learn4!$K22/100 -> 0.03 | R23: =Learn4!$G23/100 -> 0.19 | S23: =Learn5!$K22/100 -> 0.01 | T23: =Learn5!$G23/100 -> 0.26 | U23: =Rich1!$K22/100 -> 0 | V23: =Rich1!$G23/100 -> 0.98 | W23: =Rich2!$K22/100 -> 0 | X23: =Rich2!$G23/100 -> 0.96 | Y23: =Rich3!$K22/100 -> 0.02 | Z23: =Rich3!$G23/100 -> 0.52 | AA23: =Rich4!$K22/100 -> 0.01 | AB23: =Rich4!$G23/100 -> 0.64 | AC23: =Rich5!$K22/100 -> 0 | AD23: =Rich5!$G23/100 -> 0.96 | AE23: =Baserun1!$K22/100 -> 0 | AF23: =Baserun1!$G23/100 -> 0.98 | AG23: =Baserun2!$K22/100 -> 0 | AH23: =Baserun2!$G23/100 -> 0.99 | AI23: =Baserun3!$K22/100 -> 0.01 | AJ23: =Baserun3!$G23/100 -> 0.59 | AK23: =Baserun4!$K22/100 -> 0 | AL23: =Baserun4!$G23/100 -> 0.99 | AM23: =Baserun5!$K22/100 -> 0 | AN23: =Baserun5!$G23/100 -> 0.98 | AO23: =A23 -> 0 | AP23: =B23 -> 1 | AQ23: =K23 -> 0.01 | AR23: =L23 -> 0.23 | AS23: =U23 -> 0 | AT23: =V23 -> 0.98 | AU23: =AE23 -> 0 | AV23: =AF23 -> 0.98
A24: =Aware1!$K23/100 -> 0 | B24: =Aware1!$G24/100 -> 1 | C24: =Aware2!$K23/100 -> 0 | D24: =Aware2!$G24/100 -> 0.99 | E24: =Aware3!$K23/100 -> 0 | F24: =Aware3!$G24/100 -> 0.96 | G24: =Aware4!$K23/100 -> 0 | H24: =Aware4!$G24/100 -> 1 | I24: =Aware5!$K23/100 -> 0 | J24: =Aware5!$G24/100 -> 0.99 | K24: =Learn1!$K23/100 -> 0 | L24: =Learn1!$G24/100 -> 0.99 | M24: =Learn2!$K23/100 -> 0.02 | N24: =Learn2!$G24/100 -> 0.13 | O24: =Learn3!$K23/100 -> 0 | P24: =Learn3!$G24/100 -> 0.98 | Q24: =Learn4!$K23/100 -> 0 | R24: =Learn4!$G24/100 -> 0.95 | S24: =Learn5!$K23/100 -> 0 | T24: =Learn5!$G24/100 -> 0.97 | U24: =Rich1!$K23/100 -> 0 | V24: =Rich1!$G24/100 -> 0.95 | W24: =Rich2!$K23/100 -> 0.01 | X24: =Rich2!$G24/100 -> 0.72 | Y24: =Rich3!$K23/100 -> 0.01 | Z24: =Rich3!$G24/100 -> 0.69 | AA24: =Rich4!$K23/100 -> 0.02 | AB24: =Rich4!$G24/100 -> 0.49 | AC24: =Rich5!$K23/100 -> 0.02 | AD24: =Rich5!$G24/100 -> 0.43 | AE24: =Baserun1!$K23/100 -> 0 | AF24: =Baserun1!$G24/100 -> 1 | AI24: =Baserun3!$K23/100 -> 0.01 | AJ24: =Baserun3!$G24/100 -> 0.62 | AK24: =Baserun4!$K23/100 -> 0 | AL24: =Baserun4!$G24/100 -> 0.98 | AM24: =Baserun5!$K23/100 -> 0.03 | AN24: =Baserun5!$G24/100 -> 0.4 | AO24: =A24 -> 0 | AP24: =B24 -> 1 | AQ24: =K24 -> 0 | AR24: =L24 -> 0.99 | AS24: =U24 -> 0 | AT24: =V24 -> 0.95 | AU24: =AE24 -> 0 | AV24: =AF24 -> 1
A25: =Aware1!$K24/100 -> 0 | B25: =Aware1!$G25/100 -> 1 | C25: =Aware2!$K24/100 -> 0.01 | D25: =Aware2!$G25/100 -> 0.6 | E25: =Aware3!$K24/100 -> 0 | F25: =Aware3!$G25/100 -> 1 | G25: =Aware4!$K24/100 -> 0 | H25: =Aware4!$G25/100 -> 1 | I25: =Aware5!$K24/100 -> 0.01 | J25: =Aware5!$G25/100 -> 0.61 | K25: =Learn1!$K24/100 -> 0.01 | L25: =Learn1!$G25/100 -> 0.22 | M25: =Learn2!$K24/100 -> 0 | N25: =Learn2!$G25/100 -> 0.98 | O25: =Learn3!$K24/100 -> 0 | P25: =Learn3!$G25/100 -> 0.98 | Q25: =Learn4!$K24/100 -> 0 | R25: =Learn4!$G25/100 -> 0.98 | S25: =Learn5!$K24/100 -> 0.01 | T25: =Learn5!$G25/100 -> 0.26 | W25: =Rich2!$K24/100 -> 0.01 | X25: =Rich2!$G25/100 -> 0.76 | Y25: =Rich3!$K24/100 -> 0.01 | Z25: =Rich3!$G25/100 -> 0.71 | AA25: =Rich4!$K24/100 -> 0.01 | AB25: =Rich4!$G25/100 -> 0.7 | AC25: =Rich5!$K24/100 -> 0.01 | AD25: =Rich5!$G25/100 -> 0.65 | AI25: =Baserun3!$K24/100 -> 0 | AJ25: =Baserun3!$G25/100 -> 0.99 | AK25: =Baserun4!$K24/100 -> 0.02 | AL25: =Baserun4!$G25/100 -> 0.35 | AM25: =Baserun5!$K24/100 -> 0 | AN25: =Baserun5!$G25/100 -> 0.96 | AO25: =A25 -> 0 | AP25: =B25 -> 1 | AQ25: =K25 -> 0.01 | AR25: =L25 -> 0.22 | AS25: =W3 -> 0 | AT25: =X3 -> 0.98 | AU25: =AG3 -> 0 | AV25: =AH3 -> 1
A26: =Aware1!$K25/100 -> 0 | B26: =Aware1!$G26/100 -> 1 | C26: =Aware2!$K25/100 -> 0 | D26: =Aware2!$G26/100 -> 1 | E26: =Aware3!$K25/100 -> 0 | F26: =Aware3!$G26/100 -> 1 | G26: =Aware4!$K25/100 -> 0 | H26: =Aware4!$G26/100 -> 1 | I26: =Aware5!$K25/100 -> 0.01 | J26: =Aware5!$G26/100 -> 0.62 | K26: =Learn1!$K25/100 -> 0 | L26: =Learn1!$G26/100 -> 0.99 | M26: =Learn2!$K25/100 -> 0 | N26: =Learn2!$G26/100 -> 1 | O26: =Learn3!$K25/100 -> 0 | P26: =Learn3!$G26/100 -> 0.98 | Q26: =Learn4!$K25/100 -> 0 | R26: =Learn4!$G26/100 -> 0.98 | S26: =Learn5!$K25/100 -> 0.02 | T26: =Learn5!$G26/100 -> 0.2 | W26: =Rich2!$K25/100 -> 0 | X26: =Rich2!$G26/100 -> 0.95 | Y26: =Rich3!$K25/100 -> 0 | Z26: =Rich3!$G26/100 -> 0.94 | AA26: =Rich4!$K25/100 -> 0.01 | AB26: =Rich4!$G26/100 -> 0.63 | AC26: =Rich5!$K25/100 -> 0 | AD26: =Rich5!$G26/100 -> 0.95 | AI26: =Baserun3!$K25/100 -> 0.02 | AJ26: =Baserun3!$G26/100 -> 0.4 | AK26: =Baserun4!$K25/100 -> 0 | AL26: =Baserun4!$G26/100 -> 0.98 | AM26: =Baserun5!$K25/100 -> 0.01 | AN26: =Baserun5!$G26/100 -> 0.48 | AO26: =A26 -> 0 | AP26: =B26 -> 1 | AQ26: =K26 -> 0 | AR26: =L26 -> 0.99 | AS26: =W4 -> 0 | AT26: =X4 -> 0.97 | AU26: =AG4 -> 0 | AV26: =AH4 -> 1
A27: =Aware1!$K26/100 -> 0.01 | B27: =Aware1!$G27/100 -> 0.6 | C27: =Aware2!$K26/100 -> 0.02 | D27: =Aware2!$G27/100 -> 0.26 | E27: =Aware3!$K26/100 -> 0 | F27: =Aware3!$G27/100 -> 0.99 | G27: =Aware4!$K26/100 -> 0 | H27: =Aware4!$G27/100 -> 1 | I27: =Aware5!$K26/100 -> 0 | J27: =Aware5!$G27/100 -> 0.98 | K27: =Learn1!$K26/100 -> 0 | L27: =Learn1!$G27/100 -> 0.99 | M27: =Learn2!$K26/100 -> 0.02 | N27: =Learn2!$G27/100 -> 0.1 | O27: =Learn3!$K26/100 -> 0.01 | P27: =Learn3!$G27/100 -> 0.17 | Q27: =Learn4!$K26/100 -> 0 | R27: =Learn4!$G27/100 -> 0.98 | S27: =Learn5!$K26/100 -> 0 | T27: =Learn5!$G27/100 -> 0.97 | W27: =Rich2!$K26/100 -> 0.02 | X27: =Rich2!$G27/100 -> 0.53 | Y27: =Rich3!$K26/100 -> 0.01 | Z27: =Rich3!$G27/100 -> 0.66 | AA27: =Rich4!$K26/100 -> 0 | AB27: =Rich4!$G27/100 -> 0.95 | AC27: =Rich5!$K26/100 -> 0.01 | AD27: =Rich5!$G27/100 -> 0.66 | AI27: =Baserun3!$K26/100 -> 0 | AJ27: =Baserun3!$G27/100 -> 0.99 | AK27: =Baserun4!$K26/100 -> 0.01 | AL27: =Baserun4!$G27/100 -> 0.53 | AM27: =Baserun5!$K26/100 -> 0.04 | AN27: =Baserun5!$G27/100 -> 0.4 | AO27: =A27 -> 0.01 | AP27: =B27 -> 0.6 | AQ27: =K27 -> 0 | AR27: =L27 -> 0.99 | AS27: =W5 -> 0 | AT27: =X5 -> 0.97 | AU27: =AG5 -> 0 | AV27: =AH5 -> 0.99
A28: =Aware1!$K27/100 -> 0 | B28: =Aware1!$G28/100 -> 0.99 | C28: =Aware2!$K27/100 -> 0.04 | D28: =Aware2!$G28/100 -> 0.3 | E28: =Aware3!$K27/100 -> 0.03 | F28: =Aware3!$G28/100 -> 0.34 | G28: =Aware4!$K27/100 -> 0.02 | H28: =Aware4!$G28/100 -> 0.31 | I28: =Aware5!$K27/100 -> 0 | J28: =Aware5!$G28/100 -> 0.99 | K28: =Learn1!$K27/100 -> 0.04 | L28: =Learn1!$G28/100 -> 0.16 | M28: =Learn2!$K27/100 -> 0 | N28: =Learn2!$G28/100 -> 0.98 | O28: =Learn3!$K27/100 -> 0 | P28: =Learn3!$G28/100 -> 0.98 | Q28: =Learn4!$K27/100 -> 0.04 | R28: =Learn4!$G28/100 -> 0.15 | S28: =Learn5!$K27/100 -> 0.02 | T28: =Learn5!$G28/100 -> 0.19 | W28: =Rich2!$K27/100 -> 0 | X28: =Rich2!$G28/100 -> 0.96 | Y28: =Rich3!$K27/100 -> 0.03 | Z28: =Rich3!$G28/100 -> 0.5 | AA28: =Rich4!$K27/100 -> 0.02 | AB28: =Rich4!$G28/100 -> 0.48 | AC28: =Rich5!$K27/100 -> 0 | AD28: =Rich5!$G28/100 -> 0.97 | AI28: =Baserun3!$K27/100 -> 0 | AJ28: =Baserun3!$G28/100 -> 1 | AK28: =Baserun4!$K27/100 -> 0.02 | AL28: =Baserun4!$G28/100 -> 0.38 | AM28: =Baserun5!$K27/100 -> 0 | AN28: =Baserun5!$G28/100 -> 0.96 | AO28: =A28 -> 0 | AP28: =B28 -> 0.99 | AQ28: =K28 -> 0.04 | AR28: =L28 -> 0.16 | AS28: =W6 -> 0.02 | AT28: =X6 -> 0.54 | AU28: =AG6 -> 0.02 | AV28: =AH6 -> 0.37
A29: =Aware1!$K28/100 -> 0 | B29: =Aware1!$G29/100 -> 1 | C29: =Aware2!$K28/100 -> 0.01 | D29: =Aware2!$G29/100 -> 0.59 | E29: =Aware3!$K28/100 -> 0 | F29: =Aware3!$G29/100 -> 0.96 | G29: =Aware4!$K28/100 -> 0.01 | H29: =Aware4!$G29/100 -> 0.58 | K29: =Learn1!$K28/100 -> 0 | L29: =Learn1!$G29/100 -> 0.95 | M29: =Learn2!$K28/100 -> 0 | N29: =Learn2!$G29/100 -> 1 | O29: =Learn3!$K28/100 -> 0 | P29: =Learn3!$G29/100 -> 0.99 | Q29: =Learn4!$K28/100 -> 0.02 | R29: =Learn4!$G29/100 -> 0.14 | S29: =Learn5!$K28/100 -> 0 | T29: =Learn5!$G29/100 -> 0.96 | W29: =Rich2!$K28/100 -> 0 | X29: =Rich2!$G29/100 -> 0.95 | Y29: =Rich3!$K28/100 -> 0.01 | Z29: =Rich3!$G29/100 -> 0.67 | AA29: =Rich4!$K28/100 -> 0.03 | AB29: =Rich4!$G29/100 -> 0.44 | AC29: =Rich5!$K28/100 -> 0.01 | AD29: =Rich5!$G29/100 -> 0.67 | AI29: =Baserun3!$K28/100 -> 0.01 | AJ29: =Baserun3!$G29/100 -> 0.56 | AK29: =Baserun4!$K28/100 -> 0 | AL29: =Baserun4!$G29/100 -> 0.99 | AM29: =Baserun5!$K28/100 -> 0.04 | AN29: =Baserun5!$G29/100 -> 0.35 | AO29: =A29 -> 0 | AP29: =B29 -> 1 | AQ29: =K29 -> 0 | AR29: =L29 -> 0.95 | AS29: =W7 -> 0.01 | AT29: =X7 -> 0.79 | AU29: =AG7 -> 0.04 | AV29: =AH7 -> 0.36
A30: =Aware1!$K29/100 -> 0 | B30: =Aware1!$G30/100 -> 1 | C30: =Aware2!$K29/100 -> 0.02 | D30: =Aware2!$G30/100 -> 0.28 | E30: =Aware3!$K29/100 -> 0.02 | F30: =Aware3!$G30/100 -> 0.29 | G30: =Aware4!$K29/100 -> 0.02 | H30: =Aware4!$G30/100 -> 0.32 | K30: =Learn1!$K29/100 -> 0 | L30: =Learn1!$G30/100 -> 0.99 | M30: =Learn2!$K29/100 -> 0.01 | N30: =Learn2!$G30/100 -> 0.32 | O30: =Learn3!$K29/100 -> 0 | P30: =Learn3!$G30/100 -> 0.98 | Q30: =Learn4!$K29/100 -> 0.01 | R30: =Learn4!$G30/100 -> 0.2 | S30: =Learn5!$K29/100 -> 0 | T30: =Learn5!$G30/100 -> 0.98 | Y30: =Rich3!$K29/100 -> 0.01 | Z30: =Rich3!$G30/100 -> 0.72 | AA30: =Rich4!$K29/100 -> 0.02 | AB30: =Rich4!$G30/100 -> 0.49 | AC30: =Rich5!$K29/100 -> 0.01 | AD30: =Rich5!$G30/100 -> 0.67 | AI30: =Baserun3!$K29/100 -> 0.01 | AJ30: =Baserun3!$G30/100 -> 0.55 | AK30: =Baserun4!$K29/100 -> 0.01 | AL30: =Baserun4!$G30/100 -> 0.53 | AM30: =Baserun5!$K29/100 -> 0 | AN30: =Baserun5!$G30/100 -> 0.97 | AO30: =A30 -> 0 | AP30: =B30 -> 1 | AQ30: =K30 -> 0 | AR30: =L30 -> 0.99 | AS30: =W8 -> 0.02 | AT30: =X8 -> 0.51 | AU30: =AG8 -> 0.09 | AV30: =AH8 -> 0.28
A31: =Aware1!$K30/100 -> 0 | B31: =Aware1!$G31/100 -> 1 | C31: =Aware2!$K30/100 -> 0 | D31: =Aware2!$G31/100 -> 0.98 | E31: =Aware3!$K30/100 -> 0.04 | F31: =Aware3!$G31/100 -> 0.24 | G31: =Aware4!$K30/100 -> 0.02 | H31: =Aware4!$G31/100 -> 0.33 | K31: =Learn1!$K30/100 -> 0.02 | L31: =Learn1!$G31/100 -> 0.17 | M31: =Learn2!$K30/100 -> 0 | N31: =Learn2!$G31/100 -> 1 | O31: =Learn3!$K30/100 -> 0 | P31: =Learn3!$G31/100 -> 0.98 | Q31: =Learn4!$K30/100 -> 0.05 | R31: =Learn4!$G31/100 -> 0.08 | S31: =Learn5!$K30/100 -> 0.02 | T31: =Learn5!$G31/100 -> 0.19 | Y31: =Rich3!$K30/100 -> 0.01 | Z31: =Rich3!$G31/100 -> 0.7 | AA31: =Rich4!$K30/100 -> 0.05 | AB31: =Rich4!$G31/100 -> 0.47 | AC31: =Rich5!$K30/100 -> 0 | AD31: =Rich5!$G31/100 -> 0.95 | AI31: =Baserun3!$K30/100 -> 0.04 | AJ31: =Baserun3!$G31/100 -> 0.46 | AK31: =Baserun4!$K30/100 -> 0 | AL31: =Baserun4!$G31/100 -> 0.99 | AM31: =Baserun5!$K30/100 -> 0 | AN31: =Baserun5!$G31/100 -> 0.98 | AO31: =A31 -> 0 | AP31: =B31 -> 1 | AQ31: =K31 -> 0.02 | AR31: =L31 -> 0.17 | AS31: =W9 -> 0.04 | AT31: =X9 -> 0.49 | AU31: =AG9 -> 0.1 | AV31: =AH9 -> 0.14
A32: =Aware1!$K31/100 -> 0 | B32: =Aware1!$G32/100 -> 1 | C32: =Aware2!$K31/100 -> 0 | D32: =Aware2!$G32/100 -> 1 | E32: =Aware3!$K31/100 -> 0.02 | F32: =Aware3!$G32/100 -> 0.28 | G32: =Aware4!$K31/100 -> 0 | H32: =Aware4!$G32/100 -> 0.97 | K32: =Learn1!$K31/100 -> 0 | L32: =Learn1!$G32/100 -> 0.98 | M32: =Learn2!$K31/100 -> 0.01 | N32: =Learn2!$G32/100 -> 0.32 | O32: =Learn3!$K31/100 -> 0.01 | P32: =Learn3!$G32/100 -> 0.18 | Q32: =Learn4!$K31/100 -> 0 | R32: =Learn4!$G32/100 -> 0.94 | S32: =Learn5!$K31/100 -> 0 | T32: =Learn5!$G32/100 -> 0.97 | Y32: =Rich3!$K31/100 -> 0.01 | Z32: =Rich3!$G32/100 -> 0.66 | AA32: =Rich4!$K31/100 -> 0 | AB32: =Rich4!$G32/100 -> 0.94 | AC32: =Rich5!$K31/100 -> 0.01 | AD32: =Rich5!$G32/100 -> 0.68 | AI32: =Baserun3!$K31/100 -> 0.03 | AJ32: =Baserun3!$G32/100 -> 0.4 | AK32: =Baserun4!$K31/100 -> 0 | AL32: =Baserun4!$G32/100 -> 1 | AM32: =Baserun5!$K31/100 -> 0.02 | AN32: =Baserun5!$G32/100 -> 0.31 | AO32: =A32 -> 0 | AP32: =B32 -> 1 | AQ32: =K32 -> 0 | AR32: =L32 -> 0.98 | AS32: =W10 -> 0.05 | AT32: =X10 -> 0.51 | AU32: =AG10 -> 0.06 | AV32: =AH10 -> 0.26
A33: =Aware1!$K32/100 -> 0.01 | B33: =Aware1!$G33/100 -> 0.62 | C33: =Aware2!$K32/100 -> 0 | D33: =Aware2!$G33/100 -> 1 | E33: =Aware3!$K32/100 -> 0.05 | F33: =Aware3!$G33/100 -> 0.2 | G33: =Aware4!$K32/100 -> 0.01 | H33: =Aware4!$G33/100 -> 0.6 | K33: =Learn1!$K32/100 -> 0 | L33: =Learn1!$G33/100 -> 1 | M33: =Learn2!$K32/100 -> 0.02 | N33: =Learn2!$G33/100 -> 0.13 | O33: =Learn3!$K32/100 -> 0.02 | P33: =Learn3!$G33/100 -> 0.05 | Q33: =Learn4!$K32/100 -> 0 | R33: =Learn4!$G33/100 -> 0.98 | S33: =Learn5!$K32/100 -> 0.02 | T33: =Learn5!$G33/100 -> 0.2 | Y33: =Rich3!$K32/100 -> 0 | Z33: =Rich3!$G33/100 -> 0.95 | AA33: =Rich4!$K32/100 -> 0 | AB33: =Rich4!$G33/100 -> 0.94 | AC33: =Rich5!$K32/100 -> 0 | AD33: =Rich5!$G33/100 -> 0.98 | AI33: =Baserun3!$K32/100 -> 0 | AJ33: =Baserun3!$G33/100 -> 0.97 | AK33: =Baserun4!$K32/100 -> 0.01 | AL33: =Baserun4!$G33/100 -> 0.52 | AM33: =Baserun5!$K32/100 -> 0 | AN33: =Baserun5!$G33/100 -> 0.98 | AO33: =A33 -> 0.01 | AP33: =B33 -> 0.62 | AQ33: =K33 -> 0 | AR33: =L33 -> 1 | AS33: =W11 -> 0.07 | AT33: =X11 -> 0.35 | AU33: =AG11 -> 0.05 | AV33: =AH11 -> 0.18
A34: =Aware1!$K33/100 -> 0 | B34: =Aware1!$G34/100 -> 0.99 | C34: =Aware2!$K33/100 -> 0 | D34: =Aware2!$G34/100 -> 0.98 | E34: =Aware3!$K33/100 -> 0.01 | F34: =Aware3!$G34/100 -> 0.52 | G34: =Aware4!$K33/100 -> 0 | H34: =Aware4!$G34/100 -> 1 | K34: =Learn1!$K33/100 -> 0.05 | L34: =Learn1!$G34/100 -> 0.18 | M34: =Learn2!$K33/100 -> 0 | N34: =Learn2!$G34/100 -> 0.98 | O34: =Learn3!$K33/100 -> 0 | P34: =Learn3!$G34/100 -> 0.97 | Q34: =Learn4!$K33/100 -> 0 | R34: =Learn4!$G34/100 -> 0.98 | S34: =Learn5!$K33/100 -> 0.05 | T34: =Learn5!$G34/100 -> 0.18 | Y34: =Rich3!$K33/100 -> 0 | Z34: =Rich3!$G34/100 -> 0.95 | AA34: =Rich4!$K33/100 -> 0.01 | AB34: =Rich4!$G34/100 -> 0.66 | AC34: =Rich5!$K33/100 -> 0.01 | AD34: =Rich5!$G34/100 -> 0.67 | AI34: =Baserun3!$K33/100 -> 0 | AJ34: =Baserun3!$G34/100 -> 0.97 | AK34: =Baserun4!$K33/100 -> 0 | AL34: =Baserun4!$G34/100 -> 0.99 | AM34: =Baserun5!$K33/100 -> 0.02 | AN34: =Baserun5!$G34/100 -> 0.29 | AO34: =A34 -> 0 | AP34: =B34 -> 0.99 | AQ34: =K34 -> 0.05 | AR34: =L34 -> 0.18 | AS34: =W12 -> 0.08 | AT34: =X12 -> 0.39 | AU34: =AG12 -> 0.07 | AV34: =AH12 -> 0.27
A35: =Aware1!$K34/100 -> 0.01 | B35: =Aware1!$G35/100 -> 0.57 | C35: =Aware2!$K34/100 -> 0.02 | D35: =Aware2!$G35/100 -> 0.29 | E35: =Aware3!$K34/100 -> 0.01 | F35: =Aware3!$G35/100 -> 0.48 | G35: =Aware4!$K34/100 -> 0 | H35: =Aware4!$G35/100 -> 1 | K35: =Learn1!$K34/100 -> 0 | L35: =Learn1!$G35/100 -> 0.97 | M35: =Learn2!$K34/100 -> 0.01 | N35: =Learn2!$G35/100 -> 0.28 | O35: =Learn3!$K34/100 -> 0.01 | P35: =Learn3!$G35/100 -> 0.2 | Q35: =Learn4!$K34/100 -> 0 | R35: =Learn4!$G35/100 -> 0.98 | S35: =Learn5!$K34/100 -> 0 | T35: =Learn5!$G35/100 -> 0.93 | AA35: =Rich4!$K34/100 -> 0 | AB35: =Rich4!$G35/100 -> 0.98 | AC35: =Rich5!$K34/100 -> 0 | AD35: =Rich5!$G35/100 -> 0.98 | AK35: =Baserun4!$K34/100 -> 0 | AL35: =Baserun4!$G35/100 -> 0.99 | AM35: =Baserun5!$K34/100 -> 0.02 | AN35: =Baserun5!$G35/100 -> 0.29 | AO35: =A35 -> 0.01 | AP35: =B35 -> 0.57 | AQ35: =K35 -> 0 | AR35: =L35 -> 0.97 | AS35: =W13 -> 0.06 | AT35: =X13 -> 0.36 | AU35: =AG13 -> 0.02 | AV35: =AH13 -> 0.26
A36: =Aware1!$K35/100 -> 0.01 | B36: =Aware1!$G36/100 -> 0.55 | C36: =Aware2!$K35/100 -> 0.03 | D36: =Aware2!$G36/100 -> 0.34 | E36: =Aware3!$K35/100 -> 0 | F36: =Aware3!$G36/100 -> 0.98 | G36: =Aware4!$K35/100 -> 0.02 | H36: =Aware4!$G36/100 -> 0.31 | K36: =Learn1!$K35/100 -> 0.04 | L36: =Learn1!$G36/100 -> 0.15 | M36: =Learn2!$K35/100 -> 0 | N36: =Learn2!$G36/100 -> 0.99 | O36: =Learn3!$K35/100 -> 0 | P36: =Learn3!$G36/100 -> 0.97 | Q36: =Learn4!$K35/100 -> 0 | R36: =Learn4!$G36/100 -> 0.98 | S36: =Learn5!$K35/100 -> 0.02 | T36: =Learn5!$G36/100 -> 0.21 | AA36: =Rich4!$K35/100 -> 0 | AB36: =Rich4!$G36/100 -> 0.96 | AC36: =Rich5!$K35/100 -> 0 | AD36: =Rich5!$G36/100 -> 0.97 | AK36: =Baserun4!$K35/100 -> 0.01 | AL36: =Baserun4!$G36/100 -> 0.5 | AM36: =Baserun5!$K35/100 -> 0 | AN36: =Baserun5!$G36/100 -> 0.98 | AO36: =A36 -> 0.01 | AP36: =B36 -> 0.55 | AQ36: =K36 -> 0.04 | AR36: =L36 -> 0.15 | AS36: =W14 -> 0.11 | AT36: =X14 -> 0.36 | AU36: =AG14 -> 0.05 | AV36: =AH14 -> 0.23
A37: =Aware1!$K36/100 -> 0.03 | B37: =Aware1!$G37/100 -> 0.32 | C37: =Aware2!$K36/100 -> 0.03 | D37: =Aware2!$G37/100 -> 0.31 | E37: =Aware3!$K36/100 -> 0 | F37: =Aware3!$G37/100 -> 0.99 | G37: =Aware4!$K36/100 -> 0.01 | H37: =Aware4!$G37/100 -> 0.56 | K37: =Learn1!$K36/100 -> 0.06 | L37: =Learn1!$G37/100 -> 0.19 | M37: =Learn2!$K36/100 -> 0 | N37: =Learn2!$G37/100 -> 1 | O37: =Learn3!$K36/100 -> 0 | P37: =Learn3!$G37/100 -> 0.98 | Q37: =Learn4!$K36/100 -> 0.02 | R37: =Learn4!$G37/100 -> 0.14 | S37: =Learn5!$K36/100 -> 0 | T37: =Learn5!$G37/100 -> 0.96 | AA37: =Rich4!$K36/100 -> 0.02 | AB37: =Rich4!$G37/100 -> 0.5 | AK37: =Baserun4!$K36/100 -> 0 | AL37: =Baserun4!$G37/100 -> 0.99 | AM37: =Baserun5!$K36/100 -> 0.02 | AN37: =Baserun5!$G37/100 -> 0.3 | AO37: =A37 -> 0.03 | AP37: =B37 -> 0.32 | AQ37: =K37 -> 0.06 | AR37: =L37 -> 0.19 | AS37: =W15 -> 0.04 | AT37: =X15 -> 0.47 | AU37: =AG15 -> 0.04 | AV37: =AH15 -> 0.27
A38: =Aware1!$K37/100 -> 0.01 | B38: =Aware1!$G38/100 -> 0.58 | C38: =Aware2!$K37/100 -> 0.04 | D38: =Aware2!$G38/100 -> 0.32 | E38: =Aware3!$K37/100 -> 0.01 | F38: =Aware3!$G38/100 -> 0.49 | G38: =Aware4!$K37/100 -> 0.04 | H38: =Aware4!$G38/100 -> 0.25 | K38: =Learn1!$K37/100 -> 0 | L38: =Learn1!$G38/100 -> 0.93 | M38: =Learn2!$K37/100 -> 0.01 | N38: =Learn2!$G38/100 -> 0.3 | Q38: =Learn4!$K37/100 -> 0.01 | R38: =Learn4!$G38/100 -> 0.22 | S38: =Learn5!$K37/100 -> 0 | T38: =Learn5!$G38/100 -> 0.98 | AA38: =Rich4!$K37/100 -> 0 | AB38: =Rich4!$G38/100 -> 0.97 | AK38: =Baserun4!$K37/100 -> 0.01 | AL38: =Baserun4!$G38/100 -> 0.55 | AM38: =Baserun5!$K37/100 -> 0 | AN38: =Baserun5!$G38/100 -> 0.98 | AO38: =A38 -> 0.01 | AP38: =B38 -> 0.58 | AQ38: =K38 -> 0 | AR38: =L38 -> 0.93 | AS38: =W16 -> 0.08 | AT38: =X16 -> 0.45 | AU38: =AG16 -> 0.04 | AV38: =AH16 -> 0.29
A39: =Aware1!$K38/100 -> 0 | B39: =Aware1!$G39/100 -> 0.98 | C39: =Aware2!$K38/100 -> 0 | D39: =Aware2!$G39/100 -> 0.95 | E39: =Aware3!$K38/100 -> 0 | F39: =Aware3!$G39/100 -> 0.99 | G39: =Aware4!$K38/100 -> 0.03 | H39: =Aware4!$G39/100 -> 0.29 | K39: =Learn1!$K38/100 -> 0.01 | L39: =Learn1!$G39/100 -> 0.26 | M39: =Learn2!$K38/100 -> 0 | N39: =Learn2!$G39/100 -> 0.99 | Q39: =Learn4!$K38/100 -> 0 | R39: =Learn4!$G39/100 -> 0.98 | S39: =Learn5!$K38/100 -> 0.04 | T39: =Learn5!$G39/100 -> 0.24 | AA39: =Rich4!$K38/100 -> 0 | AB39: =Rich4!$G39/100 -> 0.96 | AK39: =Baserun4!$K38/100 -> 0 | AL39: =Baserun4!$G39/100 -> 0.99 | AM39: =Baserun5!$K38/100 -> 0 | AN39: =Baserun5!$G39/100 -> 0.99 | AO39: =A39 -> 0 | AP39: =B39 -> 0.98 | AQ39: =K39 -> 0.01 | AR39: =L39 -> 0.26 | AS39: =W17 -> 0.06 | AT39: =X17 -> 0.46 | AU39: =AG17 -> 0 | AV39: =AH17 -> 0.95
A40: =Aware1!$K39/100 -> 0 | B40: =Aware1!$G40/100 -> 1 | C40: =Aware2!$K39/100 -> 0 | D40: =Aware2!$G40/100 -> 0.98 | E40: =Aware3!$K39/100 -> 0 | F40: =Aware3!$G40/100 -> 1 | G40: =Aware4!$K39/100 -> 0 | H40: =Aware4!$G40/100 -> 0.97 | K40: =Learn1!$K39/100 -> 0 | L40: =Learn1!$G40/100 -> 0.99 | M40: =Learn2!$K39/100 -> 0 | N40: =Learn2!$G40/100 -> 1 | Q40: =Learn4!$K39/100 -> 0.02 | R40: =Learn4!$G40/100 -> 0.15 | S40: =Learn5!$K39/100 -> 0 | T40: =Learn5!$G40/100 -> 0.96 | AK40: =Baserun4!$K39/100 -> 0 | AL40: =Baserun4!$G40/100 -> 1 | AM40: =Baserun5!$K39/100 -> 0.03 | AN40: =Baserun5!$G40/100 -> 0.42 | AO40: =A40 -> 0 | AP40: =B40 -> 1 | AQ40: =K40 -> 0 | AR40: =L40 -> 0.99 | AS40: =W18 -> 0.01 | AT40: =X18 -> 0.7 | AU40: =AG18 -> 0.01 | AV40: =AH18 -> 0.44
A41: =Aware1!$K40/100 -> 0 | B41: =Aware1!$G41/100 -> 1 | C41: =Aware2!$K40/100 -> 0 | D41: =Aware2!$G41/100 -> 1 | E41: =Aware3!$K40/100 -> 0 | F41: =Aware3!$G41/100 -> 1 | G41: =Aware4!$K40/100 -> 0 | H41: =Aware4!$G41/100 -> 1 | K41: =Learn1!$K40/100 -> 0 | L41: =Learn1!$G41/100 -> 0.99 | M41: =Learn2!$K40/100 -> 0.02 | N41: =Learn2!$G41/100 -> 0.11 | Q41: =Learn4!$K40/100 -> 0 | R41: =Learn4!$G41/100 -> 0.97 | S41: =Learn5!$K40/100 -> 0.01 | T41: =Learn5!$G41/100 -> 0.23 | AK41: =Baserun4!$K40/100 -> 0 | AL41: =Baserun4!$G41/100 -> 1 | AM41: =Baserun5!$K40/100 -> 0 | AN41: =Baserun5!$G41/100 -> 0.97 | AO41: =A41 -> 0 | AP41: =B41 -> 1 | AQ41: =K41 -> 0 | AR41: =L41 -> 0.99 | AS41: =W19 -> 0.04 | AT41: =X19 -> 0.44 | AU41: =AG19 -> 0 | AV41: =AH19 -> 0.99
A42: =Aware1!$K41/100 -> 0 | B42: =Aware1!$G42/100 -> 0.99 | C42: =Aware2!$K41/100 -> 0 | D42: =Aware2!$G42/100 -> 1 | E42: =Aware3!$K41/100 -> 0 | F42: =Aware3!$G42/100 -> 1 | G42: =Aware4!$K41/100 -> 0 | H42: =Aware4!$G42/100 -> 1 | K42: =Learn1!$K41/100 -> 0.06 | L42: =Learn1!$G42/100 -> 0.17 | M42: =Learn2!$K41/100 -> 0 | N42: =Learn2!$G42/100 -> 0.99 | Q42: =Learn4!$K41/100 -> 0 | R42: =Learn4!$G42/100 -> 0.99 | S42: =Learn5!$K41/100 -> 0.04 | T42: =Learn5!$G42/100 -> 0.21 | AK42: =Baserun4!$K41/100 -> 0.01 | AL42: =Baserun4!$G42/100 -> 0.5 | AM42: =Baserun5!$K41/100 -> 0.01 | AN42: =Baserun5!$G42/100 -> 0.45 | AO42: =A42 -> 0 | AP42: =B42 -> 0.99 | AQ42: =K42 -> 0.06 | AR42: =L42 -> 0.17 | AS42: =W20 -> 0.01 | AT42: =X20 -> 0.72 | AU42: =AG20 -> 0 | AV42: =AH20 -> 0.99
A43: =Aware1!$K42/100 -> 0.02 | B43: =Aware1!$G43/100 -> 0.36 | C43: =Aware2!$K42/100 -> 0.01 | D43: =Aware2!$G43/100 -> 0.62 | E43: =Aware3!$K42/100 -> 0 | F43: =Aware3!$G43/100 -> 1 | G43: =Aware4!$K42/100 -> 0 | H43: =Aware4!$G43/100 -> 0.98 | K43: =Learn1!$K42/100 -> 0 | L43: =Learn1!$G43/100 -> 0.95 | M43: =Learn2!$K42/100 -> 0 | N43: =Learn2!$G43/100 -> 1 | S43: =Learn5!$K42/100 -> 0 | T43: =Learn5!$G43/100 -> 0.94 | AK43: =Baserun4!$K42/100 -> 0.01 | AL43: =Baserun4!$G43/100 -> 0.51 | AM43: =Baserun5!$K42/100 -> 0.01 | AN43: =Baserun5!$G43/100 -> 0.43 | AO43: =A43 -> 0.02 | AP43: =B43 -> 0.36 | AQ43: =K43 -> 0 | AR43: =L43 -> 0.95 | AS43: =W21 -> 0 | AT43: =X21 -> 0.97 | AU43: =AG21 -> 0.01 | AV43: =AH21 -> 0.48
A44: =Aware1!$K43/100 -> 0.01 | B44: =Aware1!$G44/100 -> 0.59 | C44: =Aware2!$K43/100 -> 0.01 | D44: =Aware2!$G44/100 -> 0.6 | E44: =Aware3!$K43/100 -> 0.01 | F44: =Aware3!$G44/100 -> 0.49 | G44: =Aware4!$K43/100 -> 0.03 | H44: =Aware4!$G44/100 -> 0.32 | K44: =Learn1!$K43/100 -> 0.02 | L44: =Learn1!$G44/100 -> 0.17 | M44: =Learn2!$K43/100 -> 0.01 | N44: =Learn2!$G44/100 -> 0.28 | S44: =Learn5!$K43/100 -> 0.04 | T44: =Learn5!$G44/100 -> 0.22 | AK44: =Baserun4!$K43/100 -> 0.01 | AL44: =Baserun4!$G44/100 -> 0.5 | AM44: =Baserun5!$K43/100 -> 0.01 | AN44: =Baserun5!$G44/100 -> 0.48 | AO44: =A44 -> 0.01 | AP44: =B44 -> 0.59 | AQ44: =K44 -> 0.02 | AR44: =L44 -> 0.17 | AS44: =W22 -> 0.03 | AT44: =X22 -> 0.5 | AU44: =AG22 -> 0 | AV44: =AH22 -> 0.99
A45: =Aware1!$K44/100 -> 0.02 | B45: =Aware1!$G45/100 -> 0.35 | C45: =Aware2!$K44/100 -> 0 | D45: =Aware2!$G45/100 -> 1 | E45: =Aware3!$K44/100 -> 0 | F45: =Aware3!$G45/100 -> 1 | G45: =Aware4!$K44/100 -> 0.05 | H45: =Aware4!$G45/100 -> 0.31 | K45: =Learn1!$K44/100 -> 0.03 | L45: =Learn1!$G45/100 -> 0.17 | M45: =Learn2!$K44/100 -> 0 | N45: =Learn2!$G45/100 -> 0.99 | S45: =Learn5!$K44/100 -> 0 | T45: =Learn5!$G45/100 -> 0.94 | AK45: =Baserun4!$K44/100 -> 0 | AL45: =Baserun4!$G45/100 -> 1 | AM45: =Baserun5!$K44/100 -> 0.01 | AN45: =Baserun5!$G45/100 -> 0.49 | AO45: =A45 -> 0.02 | AP45: =B45 -> 0.35 | AQ45: =K45 -> 0.03 | AR45: =L45 -> 0.17 | AS45: =W23 -> 0 | AT45: =X23 -> 0.96 | AU45: =AG23 -> 0 | AV45: =AH23 -> 0.99
A46: =Aware1!$K45/100 -> 0.01 | B46: =Aware1!$G46/100 -> 0.57 | C46: =Aware2!$K45/100 -> 0.01 | D46: =Aware2!$G46/100 -> 0.62 | E46: =Aware3!$K45/100 -> 0 | F46: =Aware3!$G46/100 -> 1 | G46: =Aware4!$K45/100 -> 0.04 | H46: =Aware4!$G46/100 -> 0.26 | K46: =Learn1!$K45/100 -> 0 | L46: =Learn1!$G46/100 -> 0.98 | M46: =Learn2!$K45/100 -> 0.02 | N46: =Learn2!$G46/100 -> 0.12 | S46: =Learn5!$K45/100 -> 0 | T46: =Learn5!$G46/100 -> 0.98 | AK46: =Baserun4!$K45/100 -> 0 | AL46: =Baserun4!$G46/100 -> 1 | AM46: =Baserun5!$K45/100 -> 0 | AN46: =Baserun5!$G46/100 -> 0.98 | AO46: =A46 -> 0.01 | AP46: =B46 -> 0.57 | AQ46: =K46 -> 0 | AR46: =L46 -> 0.98 | AS46: =W24 -> 0.01 | AT46: =X24 -> 0.72 | AU46: =AI3 -> 0 | AV46: =AJ3 -> 1
A47: =Aware1!$K46/100 -> 0.02 | B47: =Aware1!$G47/100 -> 0.32 | C47: =Aware2!$K46/100 -> 0 | D47: =Aware2!$G47/100 -> 1 | E47: =Aware3!$K46/100 -> 0.01 | F47: =Aware3!$G47/100 -> 0.51 | G47: =Aware4!$K46/100 -> 0.03 | H47: =Aware4!$G47/100 -> 0.33 | K47: =Learn1!$K46/100 -> 0.02 | L47: =Learn1!$G47/100 -> 0.17 | M47: =Learn2!$K46/100 -> 0.03 | N47: =Learn2!$G47/100 -> 0.18 | AM47: =Baserun5!$K46/100 -> 0 | AN47: =Baserun5!$G47/100 -> 0.99 | AO47: =A47 -> 0.02 | AP47: =B47 -> 0.32 | AQ47: =K47 -> 0.02 | AR47: =L47 -> 0.17 | AS47: =W25 -> 0.01 | AT47: =X25 -> 0.76 | AU47: =AI4 -> 0 | AV47: =AJ4 -> 1
A48: =Aware1!$K47/100 -> 0.01 | B48: =Aware1!$G48/100 -> 0.58 | C48: =Aware2!$K47/100 -> 0 | D48: =Aware2!$G48/100 -> 1 | E48: =Aware3!$K47/100 -> 0 | F48: =Aware3!$G48/100 -> 1 | G48: =Aware4!$K47/100 -> 0 | H48: =Aware4!$G48/100 -> 0.93 | K48: =Learn1!$K47/100 -> 0 | L48: =Learn1!$G48/100 -> 0.99 | M48: =Learn2!$K47/100 -> 0 | N48: =Learn2!$G48/100 -> 0.99 | AO48: =A48 -> 0.01 | AP48: =B48 -> 0.58 | AQ48: =K48 -> 0 | AR48: =L48 -> 0.99 | AS48: =W26 -> 0 | AT48: =X26 -> 0.95 | AU48: =AI5 -> 0 | AV48: =AJ5 -> 0.99
A49: =Aware1!$K48/100 -> 0 | B49: =Aware1!$G49/100 -> 0.97 | E49: =Aware3!$K48/100 -> 0 | F49: =Aware3!$G49/100 -> 1 | G49: =Aware4!$K48/100 -> 0 | H49: =Aware4!$G49/100 -> 1 | K49: =Learn1!$K48/100 -> 0 | L49: =Learn1!$G49/100 -> 1 | M49: =Learn2!$K48/100 -> 0.01 | N49: =Learn2!$G49/100 -> 0.28 | AO49: =A49 -> 0 | AP49: =B49 -> 0.97 | AQ49: =K49 -> 0 | AR49: =L49 -> 1 | AS49: =W27 -> 0.02 | AT49: =X27 -> 0.53 | AU49: =AI6 -> 0.02 | AV49: =AJ6 -> 0.38
A50: =Aware1!$K49/100 -> 0.01 | B50: =Aware1!$G50/100 -> 0.6 | E50: =Aware3!$K49/100 -> 0 | F50: =Aware3!$G50/100 -> 1 | G50: =Aware4!$K49/100 -> 0 | H50: =Aware4!$G50/100 -> 1 | K50: =Learn1!$K49/100 -> 0.01 | L50: =Learn1!$G50/100 -> 0.23 | M50: =Learn2!$K49/100 -> 0 | N50: =Learn2!$G50/100 -> 1 | AO50: =A50 -> 0.01 | AP50: =B50 -> 0.6 | AQ50: =K50 -> 0.01 | AR50: =L50 -> 0.23 | AS50: =W28 -> 0 | AT50: =X28 -> 0.96 | AU50: =AI7 -> 0.01 | AV50: =AJ7 -> 0.52
A51: =Aware1!$K50/100 -> 0 | B51: =Aware1!$G51/100 -> 1 | E51: =Aware3!$K50/100 -> 0 | F51: =Aware3!$G51/100 -> 1 | G51: =Aware4!$K50/100 -> 0.01 | H51: =Aware4!$G51/100 -> 0.61 | K51: =Learn1!$K50/100 -> 0 | L51: =Learn1!$G51/100 -> 1 | M51: =Learn2!$K50/100 -> 0 | N51: =Learn2!$G51/100 -> 1 | AO51: =A51 -> 0 | AP51: =B51 -> 1 | AQ51: =K51 -> 0 | AR51: =L51 -> 1 | AS51: =W29 -> 0 | AT51: =X29 -> 0.95 | AU51: =AI8 -> 0.03 | AV51: =AJ8 -> 0.37
AO52: =C3 -> 0 | AP52: =D3 -> 1 | AQ52: =M3 -> 0 | AR52: =N3 -> 1 | AS52: =Y3 -> 0 | AT52: =Z3 -> 0.95 | AU52: =AI9 -> 0.03 | AV52: =AJ9 -> 0.34
AO53: =C4 -> 0 | AP53: =D4 -> 1 | AQ53: =M4 -> 0 | AR53: =N4 -> 1 | AS53: =Y4 -> 0 | AT53: =Z4 -> 0.95 | AU53: =AI10 -> 0.03 | AV53: =AJ10 -> 0.29
AO54: =C5 -> 0 | AP54: =D5 -> 0.99 | AQ54: =M5 -> 0 | AR54: =N5 -> 1 | AS54: =Y5 -> 0 | AT54: =Z5 -> 0.95 | AU54: =AI11 -> 0.02 | AV54: =AJ11 -> 0.32
AO55: =C6 -> 0.02 | AP55: =D6 -> 0.27 | AQ55: =M6 -> 0.02 | AR55: =N6 -> 0.11 | AS55: =Y6 -> 0.02 | AT55: =Z6 -> 0.54 | AU55: =AI12 -> 0.04 | AV55: =AJ12 -> 0.35
AO56: =C7 -> 0 | AP56: =D7 -> 0.98 | AQ56: =M7 -> 0 | AR56: =N7 -> 0.98 | AS56: =Y7 -> 0.02 | AT56: =Z7 -> 0.49 | AU56: =AI13 -> 0.05 | AV56: =AJ13 -> 0.41
AO57: =C8 -> 0 | AP57: =D8 -> 0.99 | AQ57: =M8 -> 0.03 | AR57: =N8 -> 0.2 | AS57: =Y8 -> 0 | AT57: =Z8 -> 0.93 | AU57: =AI14 -> 0.02 | AV57: =AJ14 -> 0.3
AO58: =C9 -> 0.01 | AP58: =D9 -> 0.61 | AQ58: =M9 -> 0.05 | AR58: =N9 -> 0.13 | AS58: =Y9 -> 0 | AT58: =Z9 -> 0.93 | AU58: =AI15 -> 0.02 | AV58: =AJ15 -> 0.35
AO59: =C10 -> 0 | AP59: =D10 -> 0.99 | AQ59: =M10 -> 0.03 | AR59: =N10 -> 0.14 | AS59: =Y10 -> 0.03 | AT59: =Z10 -> 0.43 | AU59: =AI16 -> 0.03 | AV59: =AJ16 -> 0.36
AO60: =C11 -> 0.01 | AP60: =D11 -> 0.56 | AQ60: =M11 -> 0.09 | AR60: =N11 -> 0.14 | AS60: =Y11 -> 0.03 | AT60: =Z11 -> 0.46 | AU60: =AI17 -> 0.02 | AV60: =AJ17 -> 0.34
AO61: =C12 -> 0.03 | AP61: =D12 -> 0.29 | AQ61: =M12 -> 0.04 | AR61: =N12 -> 0.18 | AS61: =Y12 -> 0.07 | AT61: =Z12 -> 0.35 | AU61: =AI18 -> 0.02 | AV61: =AJ18 -> 0.34
AO62: =C13 -> 0.02 | AP62: =D13 -> 0.25 | AQ62: =M13 -> 0.03 | AR62: =N13 -> 0.1 | AS62: =Y13 -> 0.1 | AT62: =Z13 -> 0.41 | AU62: =AI19 -> 0.02 | AV62: =AJ19 -> 0.31
AO63: =C14 -> 0.05 | AP63: =D14 -> 0.23 | AQ63: =M14 -> 0.05 | AR63: =N14 -> 0.14 | AS63: =Y14 -> 0.08 | AT63: =Z14 -> 0.39 | AU63: =AI20 -> 0.01 | AV63: =AJ20 -> 0.52
... AO77: =C28 -> 0.04 | AP77: =D28 -> 0.3 | AQ77: =M28 -> 0 | AR77: =N28 -> 0.98 | AS77: =Y28 -> 0.03 | AT77: =Z28 -> 0.5 | AU77: =AI34 -> 0 | AV77: =AJ34 -> 0.97
AO78: =C29 -> 0.01 | AP78: =D29 -> 0.59 | AQ78: =M29 -> 0 | AR78: =N29 -> 1 | AS78: =Y29 -> 0.01 | AT78: =Z29 -> 0.67 | AU78: =AK3 -> 0 | AV78: =AL3 -> 1
AO79: =C30 -> 0.02 | AP79: =D30 -> 0.28 | AQ79: =M30 -> 0.01 | AR79: =N30 -> 0.32 | AS79: =Y30 -> 0.01 | AT79: =Z30 -> 0.72 | AU79: =AK4 -> 0 | AV79: =AL4 -> 1
AO80: =C31 -> 0 | AP80: =D31 -> 0.98 | AQ80: =M31 -> 0 | AR80: =N31 -> 1 | AS80: =Y31 -> 0.01 | AT80: =Z31 -> 0.7 | AU80: =AK5 -> 0 | AV80: =AL5 -> 0.99
AO81: =C32 -> 0 | AP81: =D32 -> 1 | AQ81: =M32 -> 0.01 | AR81: =N32 -> 0.32 | AS81: =Y32 -> 0.01 | AT81: =Z32 -> 0.66 | AU81: =AK6 -> 0.02 | AV81: =AL6 -> 0.37
AO82: =C33 -> 0 | AP82: =D33 -> 1 | AQ82: =M33 -> 0.02 | AR82: =N33 -> 0.13 | AS82: =Y33 -> 0 | AT82: =Z33 -> 0.95 | AU82: =AK7 -> 0.03 | AV82: =AL7 -> 0.42
AO83: =C34 -> 0 | AP83: =D34 -> 0.98 | AQ83: =M34 -> 0 | AR83: =N34 -> 0.98 | AS83: =Y34 -> 0 | AT83: =Z34 -> 0.95 | AU83: =AK8 -> 0.04 | AV83: =AL8 -> 0.34
AO84: =C35 -> 0.02 | AP84: =D35 -> 0.29 | AQ84: =M35 -> 0.01 | AR84: =N35 -> 0.28 | AS84: =AA3 -> 0 | AT84: =AB3 -> 0.98 | AU84: =AK9 -> 0.06 | AV84: =AL9 -> 0.3
AO85: =C36 -> 0.03 | AP85: =D36 -> 0.34 | AQ85: =M36 -> 0 | AR85: =N36 -> 0.99 | AS85: =AA4 -> 0 | AT85: =AB4 -> 0.95 | AU85: =AK10 -> 0.03 | AV85: =AL10 -> 0.32
AO86: =C37 -> 0.03 | AP86: =D37 -> 0.31 | AQ86: =M37 -> 0 | AR86: =N37 -> 1 | AS86: =AA5 -> 0 | AT86: =AB5 -> 0.98 | AU86: =AK11 -> 0.06 | AV86: =AL11 -> 0.21
AO87: =C38 -> 0.04 | AP87: =D38 -> 0.32 | AQ87: =M38 -> 0.01 | AR87: =N38 -> 0.3 | AS87: =AA6 -> 0.02 | AT87: =AB6 -> 0.48 | AU87: =AK12 -> 0.07 | AV87: =AL12 -> 0.23
AO88: =C39 -> 0 | AP88: =D39 -> 0.95 | AQ88: =M39 -> 0 | AR88: =N39 -> 0.99 | AS88: =AA7 -> 0.03 | AT88: =AB7 -> 0.42 | AU88: =AK13 -> 0.04 | AV88: =AL13 -> 0.25
AO89: =C40 -> 0 | AP89: =D40 -> 0.98 | AQ89: =M40 -> 0 | AR89: =N40 -> 1 | AS89: =AA8 -> 0.05 | AT89: =AB8 -> 0.4 | AU89: =AK14 -> 0.07 | AV89: =AL14 -> 0.23
AO90: =C41 -> 0 | AP90: =D41 -> 1 | AQ90: =M41 -> 0.02 | AR90: =N41 -> 0.11 | AS90: =AA9 -> 0.06 | AT90: =AB9 -> 0.36 | AU90: =AK15 -> 0.03 | AV90: =AL15 -> 0.34
AO91: =C42 -> 0 | AP91: =D42 -> 1 | AQ91: =M42 -> 0 | AR91: =N42 -> 0.99 | AS91: =AA10 -> 0.07 | AT91: =AB10 -> 0.34 | AU91: =AK16 -> 0.03 | AV91: =AL16 -> 0.35
AO92: =C43 -> 0.01 | AP92: =D43 -> 0.62 | AQ92: =M43 -> 0 | AR92: =N43 -> 1 | AS92: =AA11 -> 0.07 | AT92: =AB11 -> 0.33 | AU92: =AK17 -> 0.02 | AV92: =AL17 -> 0.32
AO93: =C44 -> 0.01 | AP93: =D44 -> 0.6 | AQ93: =M44 -> 0.01 | AR93: =N44 -> 0.28 | AS93: =AA12 -> 0.06 | AT93: =AB12 -> 0.26 | AU93: =AK18 -> 0.01 | AV93: =AL18 -> 0.45
AO94: =C45 -> 0 | AP94: =D45 -> 1 | AQ94: =M45 -> 0 | AR94: =N45 -> 0.99 | AS94: =AA13 -> 0.06 | AT94: =AB13 -> 0.3 | AU94: =AK19 -> 0.05 | AV94: =AL19 -> 0.34
AO95: =C46 -> 0.01 | AP95: =D46 -> 0.62 | AQ95: =M46 -> 0.02 | AR95: =N46 -> 0.12 | AS95: =AA14 -> 0.07 | AT95: =AB14 -> 0.24 | AU95: =AK20 -> 0.04 | AV95: =AL20 -> 0.41
... AO97: =C48 -> 0 | AP97: =D48 -> 1 | AQ97: =M48 -> 0 | AR97: =N48 -> 0.99 | AS97: =AA16 -> 0.03 | AT97: =AB16 -> 0.4 | AU97: =AK22 -> 0.01 | AV97: =AL22 -> 0.53
AO98: =E3 -> 0 | AP98: =F3 -> 1 | AQ98: =M49 -> 0.01 | AR98: =N49 -> 0.28 | AS98: =AA17 -> 0.03 | AT98: =AB17 -> 0.45 | AU98: =AK23 -> 0 | AV98: =AL23 -> 0.99
AO99: =E4 -> 0 | AP99: =F4 -> 1 | AQ99: =M50 -> 0 | AR99: =N50 -> 1 | AS99: =AA18 -> 0.01 | AT99: =AB18 -> 0.64 | AU99: =AK24 -> 0 | AV99: =AL24 -> 0.98
AO100: =E5 -> 0 | AP100: =F5 -> 0.99 | AQ100: =M51 -> 0 | AR100: =N51 -> 1 | AS100: =AA19 -> 0.01 | AT100: =AB19 -> 0.65 | AU100: =AK25 -> 0.02 | AV100: =AL25 -> 0.35
AO101: =E6 -> 0.02 | AP101: =F6 -> 0.28 | AQ101: =O3 -> 0 | AR101: =P3 -> 0.98 | AS101: =AA20 -> 0 | AT101: =AB20 -> 0.97 | AU101: =AK26 -> 0 | AV101: =AL26 -> 0.98
AO102: =E7 -> 0 | AP102: =F7 -> 0.98 | AQ102: =O4 -> 0 | AR102: =P4 -> 0.98 | AS102: =AA21 -> 0.01 | AT102: =AB21 -> 0.64 | AU102: =AK27 -> 0.01 | AV102: =AL27 -> 0.53
AO103: =E8 -> 0.01 | AP103: =F8 -> 0.5 | AQ103: =O5 -> 0 | AR103: =P5 -> 0.98 | AS103: =AA22 -> 0.01 | AT103: =AB22 -> 0.64 | AU103: =AK28 -> 0.02 | AV103: =AL28 -> 0.38
AO104: =E9 -> 0.02 | AP104: =F9 -> 0.3 | AQ104: =O6 -> 0.02 | AR104: =P6 -> 0.05 | AS104: =AA23 -> 0.01 | AT104: =AB23 -> 0.64 | AU104: =AK29 -> 0 | AV104: =AL29 -> 0.99
AO105: =E10 -> 0 | AP105: =F10 -> 0.98 | AQ105: =O7 -> 0.01 | AR105: =P7 -> 0.17 | AS105: =AA24 -> 0.02 | AT105: =AB24 -> 0.49 | AU105: =AK30 -> 0.01 | AV105: =AL30 -> 0.53
AO106: =E11 -> 0.01 | AP106: =F11 -> 0.47 | AQ106: =O8 -> 0.01 | AR106: =P8 -> 0.16 | AS106: =AA25 -> 0.01 | AT106: =AB25 -> 0.7 | AU106: =AK31 -> 0 | AV106: =AL31 -> 0.99
AO107: =E12 -> 0.01 | AP107: =F12 -> 0.48 | AQ107: =O9 -> 0.06 | AR107: =P9 -> 0.1 | AS107: =AA26 -> 0.01 | AT107: =AB26 -> 0.63 | AU107: =AK32 -> 0 | AV107: =AL32 -> 1
AO108: =E13 -> 0.02 | AP108: =F13 -> 0.23 | AQ108: =O10 -> 0 | AR108: =P10 -> 0.93 | AS108: =AA27 -> 0 | AT108: =AB27 -> 0.95 | AU108: =AK33 -> 0.01 | AV108: =AL33 -> 0.52
AO109: =E14 -> 0.08 | AP109: =F14 -> 0.2 | AQ109: =O11 -> 0 | AR109: =P11 -> 0.99 | AS109: =AA28 -> 0.02 | AT109: =AB28 -> 0.48 | AU109: =AK34 -> 0 | AV109: =AL34 -> 0.99
AO110: =E15 -> 0.02 | AP110: =F15 -> 0.25 | AQ110: =O12 -> 0 | AR110: =P12 -> 0.98 | AS110: =AA29 -> 0.03 | AT110: =AB29 -> 0.44 | AU110: =AK35 -> 0 | AV110: =AL35 -> 0.99
AO111: =E16 -> 0.04 | AP111: =F16 -> 0.22 | AQ111: =O13 -> 0 | AR111: =P13 -> 0.98 | AS111: =AA30 -> 0.02 | AT111: =AB30 -> 0.49 | AU111: =AK36 -> 0.01 | AV111: =AL36 -> 0.5
AO112: =E17 -> 0.02 | AP112: =F17 -> 0.28 | AQ112: =O14 -> 0.03 | AR112: =P14 -> 0.15 | AS112: =AA31 -> 0.05 | AT112: =AB31 -> 0.47 | AU112: =AK37 -> 0 | AV112: =AL37 -> 0.99
... AO120: =E25 -> 0 | AP120: =F25 -> 1 | AQ120: =O22 -> 0.01 | AR120: =P22 -> 0.15 | AS120: =AA39 -> 0 | AT120: =AB39 -> 0.96 | AU120: =AK45 -> 0 | AV120: =AL45 -> 1
AO121: =E26 -> 0 | AP121: =F26 -> 1 | AQ121: =O23 -> 0 | AR121: =P23 -> 0.97 | AS121: =AC3 -> 0 | AT121: =AD3 -> 0.98 | AU121: =AK46 -> 0 | AV121: =AL46 -> 1
AO122: =E27 -> 0 | AP122: =F27 -> 0.99 | AQ122: =O24 -> 0 | AR122: =P24 -> 0.98 | AS122: =AC4 -> 0 | AT122: =AD4 -> 0.98 | AU122: =AM3 -> 0 | AV122: =AN3 -> 0.99
AO123: =E28 -> 0.03 | AP123: =F28 -> 0.34 | AQ123: =O25 -> 0 | AR123: =P25 -> 0.98 | AS123: =AC5 -> 0 | AT123: =AD5 -> 0.96 | AU123: =AM4 -> 0 | AV123: =AN4 -> 0.99
AO124: =E29 -> 0 | AP124: =F29 -> 0.96 | AQ124: =O26 -> 0 | AR124: =P26 -> 0.98 | AS124: =AC6 -> 0.02 | AT124: =AD6 -> 0.41 | AU124: =AM5 -> 0 | AV124: =AN5 -> 0.99
AO125: =E30 -> 0.02 | AP125: =F30 -> 0.29 | AQ125: =O27 -> 0.01 | AR125: =P27 -> 0.17 | AS125: =AC7 -> 0.05 | AT125: =AD7 -> 0.41 | AU125: =AM6 -> 0.02 | AV125: =AN6 -> 0.3
AO126: =E31 -> 0.04 | AP126: =F31 -> 0.24 | AQ126: =O28 -> 0 | AR126: =P28 -> 0.98 | AS126: =AC8 -> 0.05 | AT126: =AD8 -> 0.45 | AU126: =AM7 -> 0.01 | AV126: =AN7 -> 0.46
AO127: =E32 -> 0.02 | AP127: =F32 -> 0.28 | AQ127: =O29 -> 0 | AR127: =P29 -> 0.99 | AS127: =AC9 -> 0.06 | AT127: =AD9 -> 0.54 | AU127: =AM8 -> 0.02 | AV127: =AN8 -> 0.29
AO128: =E33 -> 0.05 | AP128: =F33 -> 0.2 | AQ128: =O30 -> 0 | AR128: =P30 -> 0.98 | AS128: =AC10 -> 0.02 | AT128: =AD10 -> 0.46 | AU128: =AM9 -> 0.06 | AV128: =AN9 -> 0.26
AO129: =E34 -> 0.01 | AP129: =F34 -> 0.52 | AQ129: =O31 -> 0 | AR129: =P31 -> 0.98 | AS129: =AC11 -> 0.05 | AT129: =AD11 -> 0.37 | AU129: =AM10 -> 0.02 | AV129: =AN10 -> 0.21
...

Sheet Full data
A1: infec | G1: mob | N1: Infected | T1: Mobility (6 Day Average)
B2: Know | C2: Aware | D2: Learn | E2: Savings | H2: Know | I2: Aware | J2: Learn | K2: Savings | N2: Baserun | O2: Aware of | P2: Learn | Q2: Rich | T2: Baserun | U2: Aware of | V2: Learn | W2: Rich
A3: Cummulative (50ts) | B3: =Baserun_Full!H53 -> 65.2 | C3: =Aware_Full!H53 -> 66.2 | D3: =Learn_Full!H53 -> 67.6 | E3: =Rich_Full!H53 -> 79.8 | G3: Cummulative (50ts) | H3: =Baserun_Full!R53 -> 3683.8 | I3: =Aware_Full!R53 -> 3418.6 | J3: =Learn_Full!R53 -> 3109 | K3: =Rich_Full!R53 -> 3894.2 | M3: Cummulative (50ts) | N3: =Baserun_Full!AB53 -> 391.2 | O3: =Aware_Full!AB53 -> 395.8 | P3: =Learn_Full!AB53 -> 398 | Q3: =Rich_Full!AB53 -> 478.8 | S3: Cummulative (50ts) | T3: =Baserun_Full!AL53 -> 3681.4333 | U3: =Aware_Full!AL53 -> 3437.7633 | V3: =Learn_Full!AL53 -> 3127.9267 | W3: =Rich_Full!AL53 -> 3889.73
A4: Average per ts | B4: =Baserun_Full!H55 -> 2.0114771 | C4: =Aware_Full!H55 -> 1.4913475 | D4: =Learn_Full!H55 -> 1.5041734 | E4: =Rich_Full!H55 -> 2.5364066 | G4: Average per ts | H4: =Baserun_Full!R55 -> 60.179293 | I4: =Aware_Full!R55 -> 64.015033 | J4: =Learn_Full!R55 -> 56.654702 | K4: =Rich_Full!R55 -> 63.97528 | M4: Average per ts | N4: =Baserun_Full!AB55 -> 12.068863 | O4: =Aware_Full!AB55 -> 8.9147518 | P4: =Learn_Full!AB55 -> 8.798374 | Q4: =Rich_Full!AB55 -> 15.21844 | S4: Average per ts | T4: =Baserun_Full!AL55 -> 61.633406 | U4: =Aware_Full!AL55 -> 64.775972 | V4: =Learn_Full!AL55 -> 57.903727 | W4: =Rich_Full!AL55 -> 65.107622
P6: I am dumb… Idk why I got this data for bar charts lol
A7: Cummulative (%) | B7: =B3/100*100 -> 65.2 | C7: =C3/100*100 -> 66.2 | D7: =D3/100*100 -> 67.6 | E7: =E3/100*100 -> 79.8 | G7: Cummulative (%) | H7: =H3/5000*100 -> 73.676 | I7: =I3/5000*100 -> 68.372 | J7: =J3/5000*100 -> 62.18 | K7: =K3/5000*100 -> 77.884

Sheet Full data mobility detail
A1: Mobility | AA1: Mobility 6 Day Average
B2: Base run | G2: Aware of | L2: Learn | Q2: Rich | AB2: Base run | AG2: Aware of | AL2: Learn | AQ2: Rich
A3: =Baserun_Full!A2 -> Time | B3: =Baserun_Full!B2 -> NI_Baserun1 | C3: =Baserun_Full!C2 -> NI_Baserun2 | D3: =Baserun_Full!D2 -> NI_Baserun3 | E3: =Baserun_Full!E2 -> NI_Baserun4 | F3: =Baserun_Full!F2 -> NI_Baserun5 | G3: =Aware_Full!B2 -> NI_Aware1 | H3: =Aware_Full!C2 -> NI_Aware2 | I3: =Aware_Full!D2 -> NI_Aware3 | J3: =Aware_Full!E2 -> NI_Aware4 | K3: =Aware_Full!F2 -> NI_Aware5 | L3: =Learn_Full!B2 -> NI_Learn1 | M3: =Learn_Full!C2 -> NI_Learn2 | N3: =Learn_Full!D2 -> NI_Learn3 | O3: =Learn_Full!E2 -> NI_Learn4 | P3: =Learn_Full!F2 -> NI_Learn5 | Q3: =Rich_Full!B2 -> NI_Rich1 | R3: =Rich_Full!C2 -> NI_Rich2 | S3: =Rich_Full!D2 -> NI_Rich3 | T3: =Rich_Full!E2 -> NI_Rich4 | U3: =Rich_Full!F2 -> NI_Rich5 | W3: Min | X3: Average | Y3: Max | AA3: =Baserun_Full!AE2 -> Time | AB3: =Baserun_Full!AF2 -> Mob6_Baserun1 | AC3: =Baserun_Full!AG2 -> Mob6_Baserun2 | AD3: =Baserun_Full!AH2 -> Mob6_Baserun3 | AE3: =Baserun_Full!AI2 -> Mob6_Baserun4 | AF3: =Baserun_Full!AJ2 -> Mob6_Baserun5 | AG3: =Aware_Full!AF2 -> Mob6_Aware1 | AH3: =Aware_Full!AG2 -> Mob6_Aware2 | AI3: =Aware_Full!AH2 -> Mob6_Aware3 | AJ3: =Aware_Full!AI2 -> Mob6_Aware4 | AK3: =Aware_Full!AJ2 -> Mob6_Aware5 | AL3: =Learn_Full!AF2 -> Mob6_Learn1 | AM3: =Learn_Full!AG2 -> Mob6_Learn2 | AN3: =Learn_Full!AH2 -> Mob6_Learn3 | AO3: =Learn_Full!AI2 -> Mob6_Learn4 | AP3: =Learn_Full!AJ2 -> Mob6_Learn5 | AQ3: =Rich_Full!AF2 -> Mob6_Rich1 | AR3: =Rich_Full!AG2 -> Mob6_Rich2 | AS3: =Rich_Full!AH2 -> Mob6_Rich3 | AT3: =Rich_Full!AI2 -> Mob6_Rich4 | AU3: =Rich_Full!AJ2 -> Mob6_Rich5 | AW3: 25th | AX3: 50th | AY3: 75th
A4: =Baserun_Full!A3 -> 0 | B4: =Baserun_Full!L3 -> 100 | C4: =Baserun_Full!M3 -> 100 | D4: =Baserun_Full!N3 -> 100 | E4: =Baserun_Full!O3 -> 100 | F4: =Baserun_Full!P3 -> 100 | G4: =Aware_Full!L3 -> 100 | H4: =Aware_Full!M3 -> 100 | I4: =Aware_Full!N3 -> 100 | J4: =Aware_Full!O3 -> 100 | K4: =Aware_Full!P3 -> 100 | L4: =Learn_Full!L3 -> 100 | M4: =Learn_Full!M3 -> 100 | N4: =Learn_Full!N3 -> 100 | O4: =Learn_Full!O3 -> 100 | P4: =Learn_Full!P3 -> 100 | Q4: =Rich_Full!L3 -> 100 | R4: =Rich_Full!M3 -> 100 | S4: =Rich_Full!N3 -> 100 | T4: =Rich_Full!O3 -> 100 | U4: =Rich_Full!P3 -> 100 | W4: =PERCENTILE(B4:P4,0.25) -> 100 | X4: =PERCENTILE(B4:P4,0.5) -> 100 | Y4: =PERCENTILE(B4:P4,0.75) -> 100 | AA4: =Baserun_Full!AE3 -> 0 | AB4: =Baserun_Full!AF3 -> 100 | AC4: =Baserun_Full!AG3 -> 100 | AD4: =Baserun_Full!AH3 -> 100 | AE4: =Baserun_Full!AI3 -> 100 | AF4: =Baserun_Full!AJ3 -> 100 | AG4: =Aware_Full!AF3 -> 100 | AH4: =Aware_Full!AG3 -> 100 | AI4: =Aware_Full!AH3 -> 100 | AJ4: =Aware_Full!AI3 -> 100 | AK4: =Aware_Full!AJ3 -> 100 | AL4: =Learn_Full!AF3 -> 100 | AM4: =Learn_Full!AG3 -> 100 | AN4: =Learn_Full!AH3 -> 100 | AO4: =Learn_Full!AI3 -> 100 | AP4: =Learn_Full!AJ3 -> 100 | AQ4: =Rich_Full!AF3 -> 100 | AR4: =Rich_Full!AG3 -> 100 | AS4: =Rich_Full!AH3 -> 100 | AT4: =Rich_Full!AI3 -> 100 | AU4: =Rich_Full!AJ3 -> 100 | AW4: =PERCENTILE(AB4:AP4,0.25)/100 -> 1 | AX4: =PERCENTILE(AB4:AP4,0.5)/100 -> 1 | AY4: =PERCENTILE(AB4:AP4,0.75)/100 -> 1
A5: =Baserun_Full!A4 -> 1 | B5: =Baserun_Full!L4 -> 100 | C5: =Baserun_Full!M4 -> 100 | D5: =Baserun_Full!N4 -> 100 | E5: =Baserun_Full!O4 -> 100 | F5: =Baserun_Full!P4 -> 99 | G5: =Aware_Full!L4 -> 100 | H5: =Aware_Full!M4 -> 100 | I5: =Aware_Full!N4 -> 100 | J5: =Aware_Full!O4 -> 100 | K5: =Aware_Full!P4 -> 100 | L5: =Learn_Full!L4 -> 100 | M5: =Learn_Full!M4 -> 100 | N5: =Learn_Full!N4 -> 98 | O5: =Learn_Full!O4 -> 98 | P5: =Learn_Full!P4 -> 98 | Q5: =Rich_Full!L4 -> 99 | R5: =Rich_Full!M4 -> 98 | S5: =Rich_Full!N4 -> 95 | T5: =Rich_Full!O4 -> 98 | U5: =Rich_Full!P4 -> 98 | W5: =PERCENTILE(B5:P5,0.25) -> 99.5 | X5: =PERCENTILE(B5:P5,0.5) -> 100 | Y5: =PERCENTILE(B5:P5,0.75) -> 100 | AA5: =Baserun_Full!AE4 -> 1 | AB5: =Baserun_Full!AF4 -> 100 | AC5: =Baserun_Full!AG4 -> 100 | AD5: =Baserun_Full!AH4 -> 100 | AE5: =Baserun_Full!AI4 -> 100 | AF5: =Baserun_Full!AJ4 -> 99.5 | AG5: =Aware_Full!AF4 -> 100 | AH5: =Aware_Full!AG4 -> 100 | AI5: =Aware_Full!AH4 -> 100 | AJ5: =Aware_Full!AI4 -> 100 | AK5: =Aware_Full!AJ4 -> 100 | AL5: =Learn_Full!AF4 -> 100 | AM5: =Learn_Full!AG4 -> 100 | AN5: =Learn_Full!AH4 -> 99 | AO5: =Learn_Full!AI4 -> 99 | AP5: =Learn_Full!AJ4 -> 99 | AQ5: =Rich_Full!AF4 -> 99.5 | AR5: =Rich_Full!AG4 -> 99 | AS5: =Rich_Full!AH4 -> 97.5 | AT5: =Rich_Full!AI4 -> 99 | AU5: =Rich_Full!AJ4 -> 99 | AW5: =PERCENTILE(AB5:AP5,0.25)/100 -> 0.9975 | AX5: =PERCENTILE(AB5:AP5,0.5)/100 -> 1 | AY5: =PERCENTILE(AB5:AP5,0.75)/100 -> 1
A6: =Baserun_Full!A5 -> 2 | B6: =Baserun_Full!L5 -> 100 | C6: =Baserun_Full!M5 -> 100 | D6: =Baserun_Full!N5 -> 100 | E6: =Baserun_Full!O5 -> 100 | F6: =Baserun_Full!P5 -> 99 | G6: =Aware_Full!L5 -> 100 | H6: =Aware_Full!M5 -> 100 | I6: =Aware_Full!N5 -> 100 | J6: =Aware_Full!O5 -> 100 | K6: =Aware_Full!P5 -> 100 | L6: =Learn_Full!L5 -> 99 | M6: =Learn_Full!M5 -> 100 | N6: =Learn_Full!N5 -> 98 | O6: =Learn_Full!O5 -> 98 | P6: =Learn_Full!P5 -> 98 | Q6: =Rich_Full!L5 -> 99 | R6: =Rich_Full!M5 -> 97 | S6: =Rich_Full!N5 -> 95 | T6: =Rich_Full!O5 -> 95 | U6: =Rich_Full!P5 -> 98 | W6: =PERCENTILE(B6:P6,0.25) -> 99 | X6: =PERCENTILE(B6:P6,0.5) -> 100 | Y6: =PERCENTILE(B6:P6,0.75) -> 100 | AA6: =Baserun_Full!AE5 -> 2 | AB6: =Baserun_Full!AF5 -> 100 | AC6: =Baserun_Full!AG5 -> 100 | AD6: =Baserun_Full!AH5 -> 100 | AE6: =Baserun_Full!AI5 -> 100 | AF6: =Baserun_Full!AJ5 -> 99.333333 | AG6: =Aware_Full!AF5 -> 100 | AH6: =Aware_Full!AG5 -> 100 | AI6: =Aware_Full!AH5 -> 100 | AJ6: =Aware_Full!AI5 -> 100 | AK6: =Aware_Full!AJ5 -> 100 | AL6: =Learn_Full!AF5 -> 99.666667 | AM6: =Learn_Full!AG5 -> 100 | AN6: =Learn_Full!AH5 -> 98.666667 | AO6: =Learn_Full!AI5 -> 98.666667 | AP6: =Learn_Full!AJ5 -> 98.666667 | AQ6: =Rich_Full!AF5 -> 99.333333 | AR6: =Rich_Full!AG5 -> 98.333333 | AS6: =Rich_Full!AH5 -> 96.666667 | AT6: =Rich_Full!AI5 -> 97.666667 | AU6: =Rich_Full!AJ5 -> 98.666667 | AW6: =PERCENTILE(AB6:AP6,0.25)/100 -> 0.995 | AX6: =PERCENTILE(AB6:AP6,0.5)/100 -> 1 | AY6: =PERCENTILE(AB6:AP6,0.75)/100 -> 1
A7: =Baserun_Full!A6 -> 3 | B7: =Baserun_Full!L6 -> 100 | C7: =Baserun_Full!M6 -> 99 | D7: =Baserun_Full!N6 -> 99 | E7: =Baserun_Full!O6 -> 99 | F7: =Baserun_Full!P6 -> 99 | G7: =Aware_Full!L6 -> 100 | H7: =Aware_Full!M6 -> 99 | I7: =Aware_Full!N6 -> 99 | J7: =Aware_Full!O6 -> 99 | K7: =Aware_Full!P6 -> 100 | L7: =Learn_Full!L6 -> 100 | M7: =Learn_Full!M6 -> 100 | N7: =Learn_Full!N6 -> 98 | O7: =Learn_Full!O6 -> 97 | P7: =Learn_Full!P6 -> 98 | Q7: =Rich_Full!L6 -> 97 | R7: =Rich_Full!M6 -> 97 | S7: =Rich_Full!N6 -> 95 | T7: =Rich_Full!O6 -> 98 | U7: =Rich_Full!P6 -> 96 | W7: =PERCENTILE(B7:P7,0.25) -> 99 | X7: =PERCENTILE(B7:P7,0.5) -> 99 | Y7: =PERCENTILE(B7:P7,0.75) -> 100 | AA7: =Baserun_Full!AE6 -> 3 | AB7: =Baserun_Full!AF6 -> 100 | AC7: =Baserun_Full!AG6 -> 99.75 | AD7: =Baserun_Full!AH6 -> 99.75 | AE7: =Baserun_Full!AI6 -> 99.75 | AF7: =Baserun_Full!AJ6 -> 99.25 | AG7: =Aware_Full!AF6 -> 100 | AH7: =Aware_Full!AG6 -> 99.75 | AI7: =Aware_Full!AH6 -> 99.75 | AJ7: =Aware_Full!AI6 -> 99.75 | AK7: =Aware_Full!AJ6 -> 100 | AL7: =Learn_Full!AF6 -> 99.75 | AM7: =Learn_Full!AG6 -> 100 | AN7: =Learn_Full!AH6 -> 98.5 | AO7: =Learn_Full!AI6 -> 98.25 | AP7: =Learn_Full!AJ6 -> 98.5 | AQ7: =Rich_Full!AF6 -> 98.75 | AR7: =Rich_Full!AG6 -> 98 | AS7: =Rich_Full!AH6 -> 96.25 | AT7: =Rich_Full!AI6 -> 97.75 | AU7: =Rich_Full!AJ6 -> 98 | AW7: =PERCENTILE(AB7:AP7,0.25)/100 -> 0.995 | AX7: =PERCENTILE(AB7:AP7,0.5)/100 -> 0.9975 | AY7: =PERCENTILE(AB7:AP7,0.75)/100 -> 0.99875
A8: =Baserun_Full!A7 -> 4 | B8: =Baserun_Full!L7 -> 39 | C8: =Baserun_Full!M7 -> 37 | D8: =Baserun_Full!N7 -> 38 | E8: =Baserun_Full!O7 -> 37 | F8: =Baserun_Full!P7 -> 30 | G8: =Aware_Full!L7 -> 34 | H8: =Aware_Full!M7 -> 27 | I8: =Aware_Full!N7 -> 28 | J8: =Aware_Full!O7 -> 32 | K8: =Aware_Full!P7 -> 34 | L8: =Learn_Full!L7 -> 19 | M8: =Learn_Full!M7 -> 11 | N8: =Learn_Full!N7 -> 5 | O8: =Learn_Full!O7 -> 14 | P8: =Learn_Full!P7 -> 20 | Q8: =Rich_Full!L7 -> 50 | R8: =Rich_Full!M7 -> 54 | S8: =Rich_Full!N7 -> 54 | T8: =Rich_Full!O7 -> 48 | U8: =Rich_Full!P7 -> 41 | W8: =PERCENTILE(B8:P8,0.25) -> 19.5 | X8: =PERCENTILE(B8:P8,0.5) -> 30 | Y8: =PERCENTILE(B8:P8,0.75) -> 35.5 | AA8: =Baserun_Full!AE7 -> 4 | AB8: =Baserun_Full!AF7 -> 87.8 | AC8: =Baserun_Full!AG7 -> 87.2 | AD8: =Baserun_Full!AH7 -> 87.4 | AE8: =Baserun_Full!AI7 -> 87.2 | AF8: =Baserun_Full!AJ7 -> 85.4 | AG8: =Aware_Full!AF7 -> 86.8 | AH8: =Aware_Full!AG7 -> 85.2 | AI8: =Aware_Full!AH7 -> 85.4 | AJ8: =Aware_Full!AI7 -> 86.2 | AK8: =Aware_Full!AJ7 -> 86.8 | AL8: =Learn_Full!AF7 -> 83.6 | AM8: =Learn_Full!AG7 -> 82.2 | AN8: =Learn_Full!AH7 -> 79.8 | AO8: =Learn_Full!AI7 -> 81.4 | AP8: =Learn_Full!AJ7 -> 82.8 | AQ8: =Rich_Full!AF7 -> 89 | AR8: =Rich_Full!AG7 -> 89.2 | AS8: =Rich_Full!AH7 -> 87.8 | AT8: =Rich_Full!AI7 -> 87.8 | AU8: =Rich_Full!AJ7 -> 86.6 | AW8: =PERCENTILE(AB8:AP8,0.25)/100 -> 0.832 | AX8: =PERCENTILE(AB8:AP8,0.5)/100 -> 0.854 | AY8: =PERCENTILE(AB8:AP8,0.75)/100 -> 0.87
A9: =Baserun_Full!A8 -> 5 | B9: =Baserun_Full!L8 -> 97 | C9: =Baserun_Full!M8 -> 36 | D9: =Baserun_Full!N8 -> 52 | E9: =Baserun_Full!O8 -> 42 | F9: =Baserun_Full!P8 -> 46 | G9: =Aware_Full!L8 -> 33 | H9: =Aware_Full!M8 -> 98 | I9: =Aware_Full!N8 -> 98 | J9: =Aware_Full!O8 -> 28 | K9: =Aware_Full!P8 -> 34 | L9: =Learn_Full!L8 -> 98 | M9: =Learn_Full!M8 -> 98 | N9: =Learn_Full!N8 -> 17 | O9: =Learn_Full!O8 -> 14 | P9: =Learn_Full!P8 -> 26 | Q9: =Rich_Full!L8 -> 45 | R9: =Rich_Full!M8 -> 79 | S9: =Rich_Full!N8 -> 49 | T9: =Rich_Full!O8 -> 42 | U9: =Rich_Full!P8 -> 41 | W9: =PERCENTILE(B9:P9,0.25) -> 30.5 | X9: =PERCENTILE(B9:P9,0.5) -> 42 | Y9: =PERCENTILE(B9:P9,0.75) -> 97.5 | AA9: =Baserun_Full!AE8 -> 5 | AB9: =Baserun_Full!AF8 -> 89.333333 | AC9: =Baserun_Full!AG8 -> 78.666667 | AD9: =Baserun_Full!AH8 -> 81.5 | AE9: =Baserun_Full!AI8 -> 79.666667 | AF9: =Baserun_Full!AJ8 -> 78.833333 | AG9: =Aware_Full!AF8 -> 77.833333 | AH9: =Aware_Full!AG8 -> 87.333333 | AI9: =Aware_Full!AH8 -> 87.5 | AJ9: =Aware_Full!AI8 -> 76.5 | AK9: =Aware_Full!AJ8 -> 78 | AL9: =Learn_Full!AF8 -> 86 | AM9: =Learn_Full!AG8 -> 84.833333 | AN9: =Learn_Full!AH8 -> 69.333333 | AO9: =Learn_Full!AI8 -> 70.166667 | AP9: =Learn_Full!AJ8 -> 73.333333 | AQ9: =Rich_Full!AF8 -> 81.666667 | AR9: =Rich_Full!AG8 -> 87.5 | AS9: =Rich_Full!AH8 -> 81.333333 | AT9: =Rich_Full!AI8 -> 80.166667 | AU9: =Rich_Full!AJ8 -> 79 | AW9: =PERCENTILE(AB9:AP9,0.25)/100 -> 0.77166667 | AX9: =PERCENTILE(AB9:AP9,0.5)/100 -> 0.78833333 | AY9: =PERCENTILE(AB9:AP9,0.75)/100 -> 0.85416667
A10: =Baserun_Full!A9 -> 6 | B10: =Baserun_Full!L9 -> 37 | C10: =Baserun_Full!M9 -> 28 | D10: =Baserun_Full!N9 -> 37 | E10: =Baserun_Full!O9 -> 34 | F10: =Baserun_Full!P9 -> 29 | G10: =Aware_Full!L9 -> 33 | H10: =Aware_Full!M9 -> 99 | I10: =Aware_Full!N9 -> 50 | J10: =Aware_Full!O9 -> 28 | K10: =Aware_Full!P9 -> 20 | L10: =Learn_Full!L9 -> 23 | M10: =Learn_Full!M9 -> 20 | N10: =Learn_Full!N9 -> 16 | O10: =Learn_Full!O9 -> 15 | P10: =Learn_Full!P9 -> 18 | Q10: =Rich_Full!L9 -> 47 | R10: =Rich_Full!M9 -> 51 | S10: =Rich_Full!N9 -> 93 | T10: =Rich_Full!O9 -> 40 | U10: =Rich_Full!P9 -> 45 | W10: =PERCENTILE(B10:P10,0.25) -> 20 | X10: =PERCENTILE(B10:P10,0.5) -> 28 | Y10: =PERCENTILE(B10:P10,0.75) -> 35.5 | AA10: =Baserun_Full!AE9 -> 6 | AB10: =Baserun_Full!AF9 -> 78.833333 | AC10: =Baserun_Full!AG9 -> 66.666667 | AD10: =Baserun_Full!AH9 -> 71 | AE10: =Baserun_Full!AI9 -> 68.666667 | AF10: =Baserun_Full!AJ9 -> 67 | AG10: =Aware_Full!AF9 -> 66.666667 | AH10: =Aware_Full!AG9 -> 87.166667 | AI10: =Aware_Full!AH9 -> 79.166667 | AJ10: =Aware_Full!AI9 -> 64.5 | AK10: =Aware_Full!AJ9 -> 64.666667 | AL10: =Learn_Full!AF9 -> 73.166667 | AM10: =Learn_Full!AG9 -> 71.5 | AN10: =Learn_Full!AH9 -> 55.333333 | AO10: =Learn_Full!AI9 -> 56 | AP10: =Learn_Full!AJ9 -> 59.666667 | AQ10: =Rich_Full!AF9 -> 72.833333 | AR10: =Rich_Full!AG9 -> 79.333333 | AS10: =Rich_Full!AH9 -> 80.166667 | AT10: =Rich_Full!AI9 -> 70.166667 | AU10: =Rich_Full!AJ9 -> 69.833333 | AW10: =PERCENTILE(AB10:AP10,0.25)/100 -> 0.64583333 | AX10: =PERCENTILE(AB10:AP10,0.5)/100 -> 0.67 | AY10: =PERCENTILE(AB10:AP10,0.75)/100 -> 0.72333333
A11: =Baserun_Full!A10 -> 7 | B11: =Baserun_Full!L10 -> 30 | C11: =Baserun_Full!M10 -> 14 | D11: =Baserun_Full!N10 -> 34 | E11: =Baserun_Full!O10 -> 30 | F11: =Baserun_Full!P10 -> 26 | G11: =Aware_Full!L10 -> 25 | H11: =Aware_Full!M10 -> 61 | I11: =Aware_Full!N10 -> 30 | J11: =Aware_Full!O10 -> 33 | K11: =Aware_Full!P10 -> 20 | L11: =Learn_Full!L10 -> 14 | M11: =Learn_Full!M10 -> 13 | N11: =Learn_Full!N10 -> 10 | O11: =Learn_Full!O10 -> 14 | P11: =Learn_Full!P10 -> 19 | Q11: =Rich_Full!L10 -> 49 | R11: =Rich_Full!M10 -> 49 | S11: =Rich_Full!N10 -> 93 | T11: =Rich_Full!O10 -> 36 | U11: =Rich_Full!P10 -> 54 | W11: =PERCENTILE(B11:P11,0.25) -> 14 | X11: =PERCENTILE(B11:P11,0.5) -> 25 | Y11: =PERCENTILE(B11:P11,0.75) -> 30 | AA11: =Baserun_Full!AE10 -> 7 | AB11: =Baserun_Full!AF10 -> 67.166667 | AC11: =Baserun_Full!AG10 -> 52.333333 | AD11: =Baserun_Full!AH10 -> 60 | AE11: =Baserun_Full!AI10 -> 57 | AF11: =Baserun_Full!AJ10 -> 54.833333 | AG11: =Aware_Full!AF10 -> 54.166667 | AH11: =Aware_Full!AG10 -> 80.666667 | AI11: =Aware_Full!AH10 -> 67.5 | AJ11: =Aware_Full!AI10 -> 53.333333 | AK11: =Aware_Full!AJ10 -> 51.333333 | AL11: =Learn_Full!AF10 -> 58.833333 | AM11: =Learn_Full!AG10 -> 57 | AN11: =Learn_Full!AH10 -> 40.666667 | AO11: =Learn_Full!AI10 -> 42 | AP11: =Learn_Full!AJ10 -> 46.5 | AQ11: =Rich_Full!AF10 -> 64.5 | AR11: =Rich_Full!AG10 -> 71.166667 | AS11: =Rich_Full!AH10 -> 79.833333 | AT11: =Rich_Full!AI10 -> 59.833333 | AU11: =Rich_Full!AJ10 -> 62.5 | AW11: =PERCENTILE(AB11:AP11,0.25)/100 -> 0.51833333 | AX11: =PERCENTILE(AB11:AP11,0.5)/100 -> 0.54833333 | AY11: =PERCENTILE(AB11:AP11,0.75)/100 -> 0.59416667
A12: =Baserun_Full!A11 -> 8 | B12: =Baserun_Full!L11 -> 30 | C12: =Baserun_Full!M11 -> 26 | D12: =Baserun_Full!N11 -> 29 | E12: =Baserun_Full!O11 -> 32 | F12: =Baserun_Full!P11 -> 21 | G12: =Aware_Full!L11 -> 32 | H12: =Aware_Full!M11 -> 99 | I12: =Aware_Full!N11 -> 98 | J12: =Aware_Full!O11 -> 52 | K12: =Aware_Full!P11 -> 47 | L12: =Learn_Full!L11 -> 15 | M12: =Learn_Full!M11 -> 14 | N12: =Learn_Full!N11 -> 93 | O12: =Learn_Full!O11 -> 93 | P12: =Learn_Full!P11 -> 24 | Q12: =Rich_Full!L11 -> 39 | R12: =Rich_Full!M11 -> 51 | S12: =Rich_Full!N11 -> 43 | T12: =Rich_Full!O11 -> 34 | U12: =Rich_Full!P11 -> 46 | W12: =PERCENTILE(B12:P12,0.25) -> 25 | X12: =PERCENTILE(B12:P12,0.5) -> 32 | Y12: =PERCENTILE(B12:P12,0.75) -> 72.5 | AA12: =Baserun_Full!AE11 -> 8 | AB12: =Baserun_Full!AF11 -> 55.5 | AC12: =Baserun_Full!AG11 -> 40 | AD12: =Baserun_Full!AH11 -> 48.166667 | AE12: =Baserun_Full!AI11 -> 45.666667 | AF12: =Baserun_Full!AJ11 -> 41.833333 | AG12: =Aware_Full!AF11 -> 42.833333 | AH12: =Aware_Full!AG11 -> 80.5 | AI12: =Aware_Full!AH11 -> 67.166667 | AJ12: =Aware_Full!AI11 -> 45.333333 | AK12: =Aware_Full!AJ11 -> 42.5 | AL12: =Learn_Full!AF11 -> 44.833333 | AM12: =Learn_Full!AG11 -> 42.666667 | AN12: =Learn_Full!AH11 -> 39.833333 | AO12: =Learn_Full!AI11 -> 41.166667 | AP12: =Learn_Full!AJ11 -> 34.166667 | AQ12: =Rich_Full!AF11 -> 54.5 | AR12: =Rich_Full!AG11 -> 63.5 | AS12: =Rich_Full!AH11 -> 71.166667 | AT12: =Rich_Full!AI11 -> 49.666667 | AU12: =Rich_Full!AJ11 -> 53.833333 | AW12: =PERCENTILE(AB12:AP12,0.25)/100 -> 0.415 | AX12: =PERCENTILE(AB12:AP12,0.5)/100 -> 0.42833333 | AY12: =PERCENTILE(AB12:AP12,0.75)/100 -> 0.46916667
A13: =Baserun_Full!A12 -> 9 | B13: =Baserun_Full!L12 -> 22 | C13: =Baserun_Full!M12 -> 18 | D13: =Baserun_Full!N12 -> 32 | E13: =Baserun_Full!O12 -> 21 | F13: =Baserun_Full!P12 -> 23 | G13: =Aware_Full!L12 -> 95 | H13: =Aware_Full!M12 -> 56 | I13: =Aware_Full!N12 -> 47 | J13: =Aware_Full!O12 -> 33 | K13: =Aware_Full!P12 -> 9 | L13: =Learn_Full!L12 -> 10 | M13: =Learn_Full!M12 -> 14 | N13: =Learn_Full!N12 -> 99 | O13: =Learn_Full!O12 -> 98 | P13: =Learn_Full!P12 -> 17 | Q13: =Rich_Full!L12 -> 41 | R13: =Rich_Full!M12 -> 35 | S13: =Rich_Full!N12 -> 46 | T13: =Rich_Full!O12 -> 33 | U13: =Rich_Full!P12 -> 37 | W13: =PERCENTILE(B13:P13,0.25) -> 17.5 | X13: =PERCENTILE(B13:P13,0.5) -> 23 | Y13: =PERCENTILE(B13:P13,0.75) -> 51.5 | AA13: =Baserun_Full!AE12 -> 9 | AB13: =Baserun_Full!AF12 -> 42.5 | AC13: =Baserun_Full!AG12 -> 26.5 | AD13: =Baserun_Full!AH12 -> 37 | AE13: =Baserun_Full!AI12 -> 32.666667 | AF13: =Baserun_Full!AJ12 -> 29.166667 | AG13: =Aware_Full!AF12 -> 42 | AH13: =Aware_Full!AG12 -> 73.333333 | AI13: =Aware_Full!AH12 -> 58.5 | AJ13: =Aware_Full!AI12 -> 34.333333 | AK13: =Aware_Full!AJ12 -> 27.333333 | AL13: =Learn_Full!AF12 -> 29.833333 | AM13: =Learn_Full!AG12 -> 28.333333 | AN13: =Learn_Full!AH12 -> 40 | AO13: =Learn_Full!AI12 -> 41.333333 | AP13: =Learn_Full!AJ12 -> 20.666667 | AQ13: =Rich_Full!AF12 -> 45.166667 | AR13: =Rich_Full!AG12 -> 53.166667 | AS13: =Rich_Full!AH12 -> 63 | AT13: =Rich_Full!AI12 -> 38.833333 | AU13: =Rich_Full!AJ12 -> 44 | AW13: =PERCENTILE(AB13:AP13,0.25)/100 -> 0.2875 | AX13: =PERCENTILE(AB13:AP13,0.5)/100 -> 0.34333333 | AY13: =PERCENTILE(AB13:AP13,0.75)/100 -> 0.41666667
A14: =Baserun_Full!A13 -> 10 | B14: =Baserun_Full!L13 -> 20 | C14: =Baserun_Full!M13 -> 27 | D14: =Baserun_Full!N13 -> 35 | E14: =Baserun_Full!O13 -> 23 | F14: =Baserun_Full!P13 -> 26 | G14: =Aware_Full!L13 -> 28 | H14: =Aware_Full!M13 -> 29 | I14: =Aware_Full!N13 -> 48 | J14: =Aware_Full!O13 -> 57 | K14: =Aware_Full!P13 -> 12 | L14: =Learn_Full!L13 -> 13 | M14: =Learn_Full!M13 -> 18 | N14: =Learn_Full!N13 -> 98 | O14: =Learn_Full!O13 -> 98 | P14: =Learn_Full!P13 -> 14 | Q14: =Rich_Full!L13 -> 46 | R14: =Rich_Full!M13 -> 39 | S14: =Rich_Full!N13 -> 35 | T14: =Rich_Full!O13 -> 26 | U14: =Rich_Full!P13 -> 40 | W14: =PERCENTILE(B14:P14,0.25) -> 19 | X14: =PERCENTILE(B14:P14,0.5) -> 27 | Y14: =PERCENTILE(B14:P14,0.75) -> 41.5 | AA14: =Baserun_Full!AE13 -> 10 | AB14: =Baserun_Full!AF13 -> 39.333333 | AC14: =Baserun_Full!AG13 -> 24.833333 | AD14: =Baserun_Full!AH13 -> 36.5 | AE14: =Baserun_Full!AI13 -> 30.333333 | AF14: =Baserun_Full!AJ13 -> 28.5 | AG14: =Aware_Full!AF13 -> 41 | AH14: =Aware_Full!AG13 -> 73.666667 | AI14: =Aware_Full!AH13 -> 61.833333 | AJ14: =Aware_Full!AI13 -> 38.5 | AK14: =Aware_Full!AJ13 -> 23.666667 | AL14: =Learn_Full!AF13 -> 28.833333 | AM14: =Learn_Full!AG13 -> 29.5 | AN14: =Learn_Full!AH13 -> 55.5 | AO14: =Learn_Full!AI13 -> 55.333333 | AP14: =Learn_Full!AJ13 -> 19.666667 | AQ14: =Rich_Full!AF13 -> 44.5 | AR14: =Rich_Full!AG13 -> 50.666667 | AS14: =Rich_Full!AH13 -> 59.833333 | AT14: =Rich_Full!AI13 -> 35.166667 | AU14: =Rich_Full!AJ13 -> 43.833333 | AW14: =PERCENTILE(AB14:AP14,0.25)/100 -> 0.28666667 | AX14: =PERCENTILE(AB14:AP14,0.5)/100 -> 0.365 | AY14: =PERCENTILE(AB14:AP14,0.75)/100 -> 0.48166667
A15: =Baserun_Full!A14 -> 11 | B15: =Baserun_Full!L14 -> 18 | C15: =Baserun_Full!M14 -> 26 | D15: =Baserun_Full!N14 -> 41 | E15: =Baserun_Full!O14 -> 25 | F15: =Baserun_Full!P14 -> 26 | G15: =Aware_Full!L14 -> 19 | H15: =Aware_Full!M14 -> 25 | I15: =Aware_Full!N14 -> 23 | J15: =Aware_Full!O14 -> 24 | K15: =Aware_Full!P14 -> 18 | L15: =Learn_Full!L14 -> 14 | M15: =Learn_Full!M14 -> 10 | N15: =Learn_Full!N14 -> 98 | O15: =Learn_Full!O14 -> 19 | P15: =Learn_Full!P14 -> 11 | Q15: =Rich_Full!L14 -> 42 | R15: =Rich_Full!M14 -> 36 | S15: =Rich_Full!N14 -> 41 | T15: =Rich_Full!O14 -> 30 | U15: =Rich_Full!P14 -> 45 | W15: =PERCENTILE(B15:P15,0.25) -> 18 | X15: =PERCENTILE(B15:P15,0.5) -> 23 | Y15: =PERCENTILE(B15:P15,0.75) -> 25.5 | AA15: =Baserun_Full!AE14 -> 11 | AB15: =Baserun_Full!AF14 -> 26.166667 | AC15: =Baserun_Full!AG14 -> 23.166667 | AD15: =Baserun_Full!AH14 -> 34.666667 | AE15: =Baserun_Full!AI14 -> 27.5 | AF15: =Baserun_Full!AJ14 -> 25.166667 | AG15: =Aware_Full!AF14 -> 38.666667 | AH15: =Aware_Full!AG14 -> 61.5 | AI15: =Aware_Full!AH14 -> 49.333333 | AJ15: =Aware_Full!AI14 -> 37.833333 | AK15: =Aware_Full!AJ14 -> 21 | AL15: =Learn_Full!AF14 -> 14.833333 | AM15: =Learn_Full!AG14 -> 14.833333 | AN15: =Learn_Full!AH14 -> 69 | AO15: =Learn_Full!AI14 -> 56.166667 | AP15: =Learn_Full!AJ14 -> 17.166667 | AQ15: =Rich_Full!AF14 -> 44 | AR15: =Rich_Full!AG14 -> 43.5 | AS15: =Rich_Full!AH14 -> 58.5 | AT15: =Rich_Full!AI14 -> 33.166667 | AU15: =Rich_Full!AJ14 -> 44.5 | AW15: =PERCENTILE(AB15:AP15,0.25)/100 -> 0.22083333 | AX15: =PERCENTILE(AB15:AP15,0.5)/100 -> 0.275 | AY15: =PERCENTILE(AB15:AP15,0.75)/100 -> 0.44
... A54: =Baserun_Full!A53 -> Sum | B54: =Baserun_Full!L53 -> 4106 | C54: =Baserun_Full!M53 -> 4073 | D54: =Baserun_Full!N53 -> 3653 | E54: =Baserun_Full!O53 -> 3410 | F54: =Baserun_Full!P53 -> 3177 | G54: =Aware_Full!L53 -> 3333 | H54: =Aware_Full!M53 -> 3345 | I54: =Aware_Full!N53 -> 3346 | J54: =Aware_Full!O53 -> 3069 | K54: =Aware_Full!P53 -> 4000 | L54: =Learn_Full!L53 -> 2911 | M54: =Learn_Full!M53 -> 3041 | N54: =Learn_Full!N53 -> 3459 | O54: =Learn_Full!O53 -> 3229 | P54: =Learn_Full!P53 -> 2905 | Q54: =Rich_Full!L53 -> 4096 | R54: =Rich_Full!M53 -> 4076 | S54: =Rich_Full!N53 -> 3879 | T54: =Rich_Full!O53 -> 3606 | U54: =Rich_Full!P53 -> 3814 | W54: =PERCENTILE(B54:P54,0.25) -> 3123 | X54: =PERCENTILE(B54:P54,0.5) -> 3345 | Y54: =PERCENTILE(B54:P54,0.75) -> 3556 | AA54: =Baserun_Full!AE53 -> Sum | AB54: =Baserun_Full!AF53 -> 4103.9667 | AC54: =Baserun_Full!AG53 -> 4070.7833 | AD54: =Baserun_Full!AH53 -> 3650.8167 | AE54: =Baserun_Full!AI53 -> 3407.7833 | AF54: =Baserun_Full!AJ53 -> 3173.8167 | AG54: =Aware_Full!AF53 -> 3384.3 | AH54: =Aware_Full!AG53 -> 3342.45 | AI54: =Aware_Full!AH53 -> 3351.65 | AJ54: =Aware_Full!AI53 -> 3112.6167 | AK54: =Aware_Full!AJ53 -> 3997.8 | AL54: =Learn_Full!AF53 -> 2973.5167 | AM54: =Learn_Full!AG53 -> 3088.0333 | AN54: =Learn_Full!AH53 -> 3453.8 | AO54: =Learn_Full!AI53 -> 3223.9833 | AP54: =Learn_Full!AJ53 -> 2900.3 | AQ54: =Rich_Full!AF53 -> 4093.0833 | AR54: =Rich_Full!AG53 -> 4072.0333 | AS54: =Rich_Full!AH53 -> 3872.3833 | AT54: =Rich_Full!AI53 -> 3601.3833 | AU54: =Rich_Full!AJ53 -> 3809.7667 | AW54: =PERCENTILE(AB54:AP54,0.25)/100 -> 31.432167 | AX54: =PERCENTILE(AB54:AP54,0.5)/100 -> 33.5165 | AY54: =PERCENTILE(AB54:AP54,0.75)/100 -> 35.523083

Sheet Full data infectious details
A1: New Infections | AA1: Infected
B2: Base run | G2: Aware of | L2: Learn | Q2: Rich | AB2: Base run | AG2: Aware of | AL2: Learn | AQ2: Rich
A3: =Baserun_Full!A2 -> Time | B3: =Baserun_Full!B2 -> NI_Baserun1 | C3: =Baserun_Full!C2 -> NI_Baserun2 | D3: =Baserun_Full!D2 -> NI_Baserun3 | E3: =Baserun_Full!E2 -> NI_Baserun4 | F3: =Baserun_Full!F2 -> NI_Baserun5 | G3: =Aware_Full!B2 -> NI_Aware1 | H3: =Aware_Full!C2 -> NI_Aware2 | I3: =Aware_Full!D2 -> NI_Aware3 | J3: =Aware_Full!E2 -> NI_Aware4 | K3: =Aware_Full!F2 -> NI_Aware5 | L3: =Learn_Full!B2 -> NI_Learn1 | M3: =Learn_Full!C2 -> NI_Learn2 | N3: =Learn_Full!D2 -> NI_Learn3 | O3: =Learn_Full!E2 -> NI_Learn4 | P3: =Learn_Full!F2 -> NI_Learn5 | Q3: =Rich_Full!B2 -> NI_Rich1 | R3: =Rich_Full!C2 -> NI_Rich2 | S3: =Rich_Full!D2 -> NI_Rich3 | T3: =Rich_Full!E2 -> NI_Rich4 | U3: =Rich_Full!F2 -> NI_Rich5 | W3: Min | X3: Average | Y3: Max | AA3: =Baserun_Full!U2 -> Time | AB3: =Baserun_Full!V2 -> I_Baserun1 | AC3: =Baserun_Full!W2 -> I_Baserun2 | AD3: =Baserun_Full!X2 -> I_Baserun3 | AE3: =Baserun_Full!Y2 -> I_Baserun4 | AF3: =Baserun_Full!Z2 -> I_Baserun5 | AG3: =Aware_Full!V2 -> I_Aware1 | AH3: =Aware_Full!W2 -> I_Aware2 | AI3: =Aware_Full!X2 -> I_Aware3 | AJ3: =Aware_Full!Y2 -> I_Aware4 | AK3: =Aware_Full!Z2 -> I_Aware5 | AL3: =Learn_Full!V2 -> I_Learn1 | AM3: =Learn_Full!W2 -> I_Learn2 | AN3: =Learn_Full!X2 -> I_Learn3 | AO3: =Learn_Full!Y2 -> I_Learn4 | AP3: =Learn_Full!Z2 -> I_Learn5 | AQ3: =Rich_Full!V2 -> I_Rich1 | AR3: =Rich_Full!W2 -> I_Rich2 | AS3: =Rich_Full!X2 -> I_Rich3 | AT3: =Rich_Full!Y2 -> I_Rich4 | AU3: =Rich_Full!Z2 -> I_Rich5 | AW3: 25th | AX3: 50th | AY3: 75th
A4: =Baserun_Full!A3 -> 0 | B4: =Baserun_Full!B3 -> 2 | C4: =Baserun_Full!C3 -> 2 | D4: =Baserun_Full!D3 -> 2 | E4: =Baserun_Full!E3 -> 2 | F4: =Baserun_Full!F3 -> 2 | G4: =Aware_Full!B3 -> 2 | H4: =Aware_Full!C3 -> 2 | I4: =Aware_Full!D3 -> 2 | J4: =Aware_Full!E3 -> 2 | K4: =Aware_Full!F3 -> 2 | L4: =Learn_Full!B3 -> 2 | M4: =Learn_Full!C3 -> 2 | N4: =Learn_Full!D3 -> 2 | O4: =Learn_Full!E3 -> 2 | P4: =Learn_Full!F3 -> 2 | Q4: =Rich_Full!B3 -> 2 | R4: =Rich_Full!C3 -> 2 | S4: =Rich_Full!D3 -> 2 | T4: =Rich_Full!E3 -> 2 | U4: =Rich_Full!F3 -> 2 | V4: 1 | W4: =PERCENTILE(B4:P4,0.25) -> 2 | X4: =PERCENTILE(B4:P4,0.5) -> 2 | Y4: =PERCENTILE(B4:P4,0.75) -> 2 | AA4: =Baserun_Full!U3 -> 0 | AB4: =Baserun_Full!V3 -> 2 | AC4: =Baserun_Full!W3 -> 2 | AD4: =Baserun_Full!X3 -> 2 | AE4: =Baserun_Full!Y3 -> 2 | AF4: =Baserun_Full!Z3 -> 2 | AG4: =Aware_Full!V3 -> 2 | AH4: =Aware_Full!W3 -> 2 | AI4: =Aware_Full!X3 -> 2 | AJ4: =Aware_Full!Y3 -> 2 | AK4: =Aware_Full!Z3 -> 2 | AL4: =Learn_Full!V3 -> 2 | AM4: =Learn_Full!W3 -> 2 | AN4: =Learn_Full!X3 -> 2 | AO4: =Learn_Full!Y3 -> 2 | AP4: =Learn_Full!Z3 -> 2 | AQ4: =Rich_Full!V3 -> 2 | AR4: =Rich_Full!W3 -> 2 | AS4: =Rich_Full!X3 -> 2 | AT4: =Rich_Full!Y3 -> 2 | AU4: =Rich_Full!Z3 -> 2 | AW4: =PERCENTILE(AB4:AP4,0.25) -> 2 | AX4: =PERCENTILE(AB4:AP4,0.5) -> 2 | AY4: =PERCENTILE(AB4:AP4,0.75) -> 2
A5: =Baserun_Full!A4 -> 1 | B5: =Baserun_Full!B4 -> 0 | C5: =Baserun_Full!C4 -> 4 | D5: =Baserun_Full!D4 -> 1 | E5: =Baserun_Full!E4 -> 3 | F5: =Baserun_Full!F4 -> 1 | G5: =Aware_Full!B4 -> 3 | H5: =Aware_Full!C4 -> 0 | I5: =Aware_Full!D4 -> 0 | J5: =Aware_Full!E4 -> 2 | K5: =Aware_Full!F4 -> 2 | L5: =Learn_Full!B4 -> 0 | M5: =Learn_Full!C4 -> 0 | N5: =Learn_Full!D4 -> 1 | O5: =Learn_Full!E4 -> 2 | P5: =Learn_Full!F4 -> 1 | Q5: =Rich_Full!B4 -> 3 | R5: =Rich_Full!C4 -> 1 | S5: =Rich_Full!D4 -> 2 | T5: =Rich_Full!E4 -> 3 | U5: =Rich_Full!F4 -> 5 | V5: 2 | W5: =PERCENTILE(B5:P5,0.25) -> 0 | X5: =PERCENTILE(B5:P5,0.5) -> 1 | Y5: =PERCENTILE(B5:P5,0.75) -> 2 | AA5: =Baserun_Full!U4 -> 1 | AB5: =Baserun_Full!V4 -> 2 | AC5: =Baserun_Full!W4 -> 6 | AD5: =Baserun_Full!X4 -> 3 | AE5: =Baserun_Full!Y4 -> 5 | AF5: =Baserun_Full!Z4 -> 3 | AG5: =Aware_Full!V4 -> 5 | AH5: =Aware_Full!W4 -> 2 | AI5: =Aware_Full!X4 -> 2 | AJ5: =Aware_Full!Y4 -> 4 | AK5: =Aware_Full!Z4 -> 4 | AL5: =Learn_Full!V4 -> 2 | AM5: =Learn_Full!W4 -> 2 | AN5: =Learn_Full!X4 -> 3 | AO5: =Learn_Full!Y4 -> 4 | AP5: =Learn_Full!Z4 -> 3 | AQ5: =Rich_Full!V4 -> 5 | AR5: =Rich_Full!W4 -> 3 | AS5: =Rich_Full!X4 -> 4 | AT5: =Rich_Full!Y4 -> 5 | AU5: =Rich_Full!Z4 -> 7 | AW5: =PERCENTILE(AB5:AP5,0.25) -> 2 | AX5: =PERCENTILE(AB5:AP5,0.5) -> 3 | AY5: =PERCENTILE(AB5:AP5,0.75) -> 4
A6: =Baserun_Full!A5 -> 2 | B6: =Baserun_Full!B5 -> 5 | C6: =Baserun_Full!C5 -> 9 | D6: =Baserun_Full!D5 -> 3 | E6: =Baserun_Full!E5 -> 4 | F6: =Baserun_Full!F5 -> 2 | G6: =Aware_Full!B5 -> 2 | H6: =Aware_Full!C5 -> 0 | I6: =Aware_Full!D5 -> 1 | J6: =Aware_Full!E5 -> 4 | K6: =Aware_Full!F5 -> 5 | L6: =Learn_Full!B5 -> 1 | M6: =Learn_Full!C5 -> 3 | N6: =Learn_Full!D5 -> 1 | O6: =Learn_Full!E5 -> 3 | P6: =Learn_Full!F5 -> 4 | Q6: =Rich_Full!B5 -> 4 | R6: =Rich_Full!C5 -> 2 | S6: =Rich_Full!D5 -> 0 | T6: =Rich_Full!E5 -> 5 | U6: =Rich_Full!F5 -> 5 | V6: 3 | W6: =PERCENTILE(B6:P6,0.25) -> 1.5 | X6: =PERCENTILE(B6:P6,0.5) -> 3 | Y6: =PERCENTILE(B6:P6,0.75) -> 4 | AA6: =Baserun_Full!U5 -> 2 | AB6: =Baserun_Full!V5 -> 7 | AC6: =Baserun_Full!W5 -> 15 | AD6: =Baserun_Full!X5 -> 6 | AE6: =Baserun_Full!Y5 -> 9 | AF6: =Baserun_Full!Z5 -> 5 | AG6: =Aware_Full!V5 -> 7 | AH6: =Aware_Full!W5 -> 2 | AI6: =Aware_Full!X5 -> 3 | AJ6: =Aware_Full!Y5 -> 8 | AK6: =Aware_Full!Z5 -> 9 | AL6: =Learn_Full!V5 -> 3 | AM6: =Learn_Full!W5 -> 5 | AN6: =Learn_Full!X5 -> 4 | AO6: =Learn_Full!Y5 -> 7 | AP6: =Learn_Full!Z5 -> 7 | AQ6: =Rich_Full!V5 -> 9 | AR6: =Rich_Full!W5 -> 5 | AS6: =Rich_Full!X5 -> 4 | AT6: =Rich_Full!Y5 -> 10 | AU6: =Rich_Full!Z5 -> 12 | AW6: =PERCENTILE(AB6:AP6,0.25) -> 4.5 | AX6: =PERCENTILE(AB6:AP6,0.5) -> 7 | AY6: =PERCENTILE(AB6:AP6,0.75) -> 7.5
A7: =Baserun_Full!A6 -> 3 | B7: =Baserun_Full!B6 -> 8 | C7: =Baserun_Full!C6 -> 10 | D7: =Baserun_Full!D6 -> 3 | E7: =Baserun_Full!E6 -> 6 | F7: =Baserun_Full!F6 -> 6 | G7: =Aware_Full!B6 -> 7 | H7: =Aware_Full!C6 -> 1 | I7: =Aware_Full!D6 -> 2 | J7: =Aware_Full!E6 -> 3 | K7: =Aware_Full!F6 -> 8 | L7: =Learn_Full!B6 -> 4 | M7: =Learn_Full!C6 -> 5 | N7: =Learn_Full!D6 -> 6 | O7: =Learn_Full!E6 -> 6 | P7: =Learn_Full!F6 -> 4 | Q7: =Rich_Full!B6 -> 4 | R7: =Rich_Full!C6 -> 4 | S7: =Rich_Full!D6 -> 0 | T7: =Rich_Full!E6 -> 6 | U7: =Rich_Full!F6 -> 6 | V7: 4 | W7: =PERCENTILE(B7:P7,0.25) -> 3.5 | X7: =PERCENTILE(B7:P7,0.5) -> 6 | Y7: =PERCENTILE(B7:P7,0.75) -> 6.5 | AA7: =Baserun_Full!U6 -> 3 | AB7: =Baserun_Full!V6 -> 15 | AC7: =Baserun_Full!W6 -> 25 | AD7: =Baserun_Full!X6 -> 9 | AE7: =Baserun_Full!Y6 -> 15 | AF7: =Baserun_Full!Z6 -> 11 | AG7: =Aware_Full!V6 -> 14 | AH7: =Aware_Full!W6 -> 3 | AI7: =Aware_Full!X6 -> 5 | AJ7: =Aware_Full!Y6 -> 11 | AK7: =Aware_Full!Z6 -> 17 | AL7: =Learn_Full!V6 -> 7 | AM7: =Learn_Full!W6 -> 10 | AN7: =Learn_Full!X6 -> 10 | AO7: =Learn_Full!Y6 -> 13 | AP7: =Learn_Full!Z6 -> 11 | AQ7: =Rich_Full!V6 -> 13 | AR7: =Rich_Full!W6 -> 9 | AS7: =Rich_Full!X6 -> 4 | AT7: =Rich_Full!Y6 -> 16 | AU7: =Rich_Full!Z6 -> 18 | AW7: =PERCENTILE(AB7:AP7,0.25) -> 9.5 | AX7: =PERCENTILE(AB7:AP7,0.5) -> 11 | AY7: =PERCENTILE(AB7:AP7,0.75) -> 14.5
A8: =Baserun_Full!A7 -> 4 | B8: =Baserun_Full!B7 -> 4 | C8: =Baserun_Full!C7 -> 6 | D8: =Baserun_Full!D7 -> 3 | E8: =Baserun_Full!E7 -> 3 | F8: =Baserun_Full!F7 -> 2 | G8: =Aware_Full!B7 -> 3 | H8: =Aware_Full!C7 -> 0 | I8: =Aware_Full!D7 -> 0 | J8: =Aware_Full!E7 -> 1 | K8: =Aware_Full!F7 -> 1 | L8: =Learn_Full!B7 -> 4 | M8: =Learn_Full!C7 -> 3 | N8: =Learn_Full!D7 -> 0 | O8: =Learn_Full!E7 -> 0 | P8: =Learn_Full!F7 -> 1 | Q8: =Rich_Full!B7 -> 5 | R8: =Rich_Full!C7 -> 5 | S8: =Rich_Full!D7 -> 3 | T8: =Rich_Full!E7 -> 7 | U8: =Rich_Full!F7 -> 2 | V8: 5 | W8: =PERCENTILE(B8:P8,0.25) -> 0.5 | X8: =PERCENTILE(B8:P8,0.5) -> 2 | Y8: =PERCENTILE(B8:P8,0.75) -> 3 | AA8: =Baserun_Full!U7 -> 4 | AB8: =Baserun_Full!V7 -> 19 | AC8: =Baserun_Full!W7 -> 31 | AD8: =Baserun_Full!X7 -> 12 | AE8: =Baserun_Full!Y7 -> 18 | AF8: =Baserun_Full!Z7 -> 13 | AG8: =Aware_Full!V7 -> 17 | AH8: =Aware_Full!W7 -> 3 | AI8: =Aware_Full!X7 -> 5 | AJ8: =Aware_Full!Y7 -> 12 | AK8: =Aware_Full!Z7 -> 18 | AL8: =Learn_Full!V7 -> 11 | AM8: =Learn_Full!W7 -> 13 | AN8: =Learn_Full!X7 -> 10 | AO8: =Learn_Full!Y7 -> 13 | AP8: =Learn_Full!Z7 -> 12 | AQ8: =Rich_Full!V7 -> 18 | AR8: =Rich_Full!W7 -> 14 | AS8: =Rich_Full!X7 -> 7 | AT8: =Rich_Full!Y7 -> 23 | AU8: =Rich_Full!Z7 -> 20 | AW8: =PERCENTILE(AB8:AP8,0.25) -> 11.5 | AX8: =PERCENTILE(AB8:AP8,0.5) -> 13 | AY8: =PERCENTILE(AB8:AP8,0.75) -> 17.5
A9: =Baserun_Full!A8 -> 5 | B9: =Baserun_Full!B8 -> 15 | C9: =Baserun_Full!C8 -> 5 | D9: =Baserun_Full!D8 -> 2 | E9: =Baserun_Full!E8 -> 6 | F9: =Baserun_Full!F8 -> 6 | G9: =Aware_Full!B8 -> 0 | H9: =Aware_Full!C8 -> 1 | I9: =Aware_Full!D8 -> 1 | J9: =Aware_Full!E8 -> 3 | K9: =Aware_Full!F8 -> 9 | L9: =Learn_Full!B8 -> 9 | M9: =Learn_Full!C8 -> 9 | N9: =Learn_Full!D8 -> 0 | O9: =Learn_Full!E8 -> 0 | P9: =Learn_Full!F8 -> 2 | Q9: =Rich_Full!B8 -> 6 | R9: =Rich_Full!C8 -> 7 | S9: =Rich_Full!D8 -> 3 | T9: =Rich_Full!E8 -> 7 | U9: =Rich_Full!F8 -> 5 | V9: 6 | W9: =PERCENTILE(B9:P9,0.25) -> 1 | X9: =PERCENTILE(B9:P9,0.5) -> 3 | Y9: =PERCENTILE(B9:P9,0.75) -> 7.5 | AA9: =Baserun_Full!U8 -> 5 | AB9: =Baserun_Full!V8 -> 34 | AC9: =Baserun_Full!W8 -> 36 | AD9: =Baserun_Full!X8 -> 14 | AE9: =Baserun_Full!Y8 -> 24 | AF9: =Baserun_Full!Z8 -> 19 | AG9: =Aware_Full!V8 -> 17 | AH9: =Aware_Full!W8 -> 4 | AI9: =Aware_Full!X8 -> 6 | AJ9: =Aware_Full!Y8 -> 15 | AK9: =Aware_Full!Z8 -> 27 | AL9: =Learn_Full!V8 -> 20 | AM9: =Learn_Full!W8 -> 22 | AN9: =Learn_Full!X8 -> 10 | AO9: =Learn_Full!Y8 -> 13 | AP9: =Learn_Full!Z8 -> 14 | AQ9: =Rich_Full!V8 -> 24 | AR9: =Rich_Full!W8 -> 21 | AS9: =Rich_Full!X8 -> 10 | AT9: =Rich_Full!Y8 -> 30 | AU9: =Rich_Full!Z8 -> 25 | AW9: =PERCENTILE(AB9:AP9,0.25) -> 13.5 | AX9: =PERCENTILE(AB9:AP9,0.5) -> 17 | AY9: =PERCENTILE(AB9:AP9,0.75) -> 23
A10: =Baserun_Full!A9 -> 6 | B10: =Baserun_Full!B9 -> 7 | C10: =Baserun_Full!C9 -> 7 | D10: =Baserun_Full!D9 -> 4 | E10: =Baserun_Full!E9 -> 7 | F10: =Baserun_Full!F9 -> 4 | G10: =Aware_Full!B9 -> 3 | H10: =Aware_Full!C9 -> 3 | I10: =Aware_Full!D9 -> 1 | J10: =Aware_Full!E9 -> 1 | K10: =Aware_Full!F9 -> 5 | L10: =Learn_Full!B9 -> 5 | M10: =Learn_Full!C9 -> 4 | N10: =Learn_Full!D9 -> 0 | O10: =Learn_Full!E9 -> 0 | P10: =Learn_Full!F9 -> 3 | Q10: =Rich_Full!B9 -> 10 | R10: =Rich_Full!C9 -> 8 | S10: =Rich_Full!D9 -> 7 | T10: =Rich_Full!E9 -> 6 | U10: =Rich_Full!F9 -> 9 | V10: 7 | W10: =PERCENTILE(B10:P10,0.25) -> 2 | X10: =PERCENTILE(B10:P10,0.5) -> 4 | Y10: =PERCENTILE(B10:P10,0.75) -> 5 | AA10: =Baserun_Full!U9 -> 6 | AB10: =Baserun_Full!V9 -> 39 | AC10: =Baserun_Full!W9 -> 41 | AD10: =Baserun_Full!X9 -> 16 | AE10: =Baserun_Full!Y9 -> 29 | AF10: =Baserun_Full!Z9 -> 21 | AG10: =Aware_Full!V9 -> 18 | AH10: =Aware_Full!W9 -> 5 | AI10: =Aware_Full!X9 -> 5 | AJ10: =Aware_Full!Y9 -> 14 | AK10: =Aware_Full!Z9 -> 30 | AL10: =Learn_Full!V9 -> 23 | AM10: =Learn_Full!W9 -> 24 | AN10: =Learn_Full!X9 -> 8 | AO10: =Learn_Full!Y9 -> 11 | AP10: =Learn_Full!Z9 -> 15 | AQ10: =Rich_Full!V9 -> 32 | AR10: =Rich_Full!W9 -> 27 | AS10: =Rich_Full!X9 -> 15 | AT10: =Rich_Full!Y9 -> 34 | AU10: =Rich_Full!Z9 -> 32 | AW10: =PERCENTILE(AB10:AP10,0.25) -> 12.5 | AX10: =PERCENTILE(AB10:AP10,0.5) -> 18 | AY10: =PERCENTILE(AB10:AP10,0.75) -> 26.5
A11: =Baserun_Full!A10 -> 7 | B11: =Baserun_Full!B10 -> 7 | C11: =Baserun_Full!C10 -> 2 | D11: =Baserun_Full!D10 -> 5 | E11: =Baserun_Full!E10 -> 4 | F11: =Baserun_Full!F10 -> 3 | G11: =Aware_Full!B10 -> 4 | H11: =Aware_Full!C10 -> 2 | I11: =Aware_Full!D10 -> 2 | J11: =Aware_Full!E10 -> 4 | K11: =Aware_Full!F10 -> 4 | L11: =Learn_Full!B10 -> 3 | M11: =Learn_Full!C10 -> 3 | N11: =Learn_Full!D10 -> 0 | O11: =Learn_Full!E10 -> 3 | P11: =Learn_Full!F10 -> 3 | Q11: =Rich_Full!B10 -> 4 | R11: =Rich_Full!C10 -> 6 | S11: =Rich_Full!D10 -> 10 | T11: =Rich_Full!E10 -> 6 | U11: =Rich_Full!F10 -> 12 | V11: 8 | W11: =PERCENTILE(B11:P11,0.25) -> 2.5 | X11: =PERCENTILE(B11:P11,0.5) -> 3 | Y11: =PERCENTILE(B11:P11,0.75) -> 4 | AA11: =Baserun_Full!U10 -> 7 | AB11: =Baserun_Full!V10 -> 46 | AC11: =Baserun_Full!W10 -> 39 | AD11: =Baserun_Full!X10 -> 20 | AE11: =Baserun_Full!Y10 -> 30 | AF11: =Baserun_Full!Z10 -> 23 | AG11: =Aware_Full!V10 -> 19 | AH11: =Aware_Full!W10 -> 7 | AI11: =Aware_Full!X10 -> 7 | AJ11: =Aware_Full!Y10 -> 16 | AK11: =Aware_Full!Z10 -> 32 | AL11: =Learn_Full!V10 -> 26 | AM11: =Learn_Full!W10 -> 27 | AN11: =Learn_Full!X10 -> 7 | AO11: =Learn_Full!Y10 -> 12 | AP11: =Learn_Full!Z10 -> 17 | AQ11: =Rich_Full!V10 -> 33 | AR11: =Rich_Full!W10 -> 32 | AS11: =Rich_Full!X10 -> 23 | AT11: =Rich_Full!Y10 -> 37 | AU11: =Rich_Full!Z10 -> 39 | AW11: =PERCENTILE(AB11:AP11,0.25) -> 14 | AX11: =PERCENTILE(AB11:AP11,0.5) -> 20 | AY11: =PERCENTILE(AB11:AP11,0.75) -> 28.5
A12: =Baserun_Full!A11 -> 8 | B12: =Baserun_Full!B11 -> 8 | C12: =Baserun_Full!C11 -> 5 | D12: =Baserun_Full!D11 -> 2 | E12: =Baserun_Full!E11 -> 7 | F12: =Baserun_Full!F11 -> 5 | G12: =Aware_Full!B11 -> 5 | H12: =Aware_Full!C11 -> 5 | I12: =Aware_Full!D11 -> 8 | J12: =Aware_Full!E11 -> 2 | K12: =Aware_Full!F11 -> 10 | L12: =Learn_Full!B11 -> 3 | M12: =Learn_Full!C11 -> 5 | N12: =Learn_Full!D11 -> 3 | O12: =Learn_Full!E11 -> 4 | P12: =Learn_Full!F11 -> 7 | Q12: =Rich_Full!B11 -> 5 | R12: =Rich_Full!C11 -> 11 | S12: =Rich_Full!D11 -> 8 | T12: =Rich_Full!E11 -> 7 | U12: =Rich_Full!F11 -> 5 | V12: 9 | W12: =PERCENTILE(B12:P12,0.25) -> 3.5 | X12: =PERCENTILE(B12:P12,0.5) -> 5 | Y12: =PERCENTILE(B12:P12,0.75) -> 7 | AA12: =Baserun_Full!U11 -> 8 | AB12: =Baserun_Full!V11 -> 49 | AC12: =Baserun_Full!W11 -> 35 | AD12: =Baserun_Full!X11 -> 19 | AE12: =Baserun_Full!Y11 -> 33 | AF12: =Baserun_Full!Z11 -> 26 | AG12: =Aware_Full!V11 -> 22 | AH12: =Aware_Full!W11 -> 12 | AI12: =Aware_Full!X11 -> 14 | AJ12: =Aware_Full!Y11 -> 14 | AK12: =Aware_Full!Z11 -> 37 | AL12: =Learn_Full!V11 -> 28 | AM12: =Learn_Full!W11 -> 29 | AN12: =Learn_Full!X11 -> 9 | AO12: =Learn_Full!Y11 -> 13 | AP12: =Learn_Full!Z11 -> 20 | AQ12: =Rich_Full!V11 -> 34 | AR12: =Rich_Full!W11 -> 41 | AS12: =Rich_Full!X11 -> 31 | AT12: =Rich_Full!Y11 -> 39 | AU12: =Rich_Full!Z11 -> 39 | AW12: =PERCENTILE(AB12:AP12,0.25) -> 14 | AX12: =PERCENTILE(AB12:AP12,0.5) -> 22 | AY12: =PERCENTILE(AB12:AP12,0.75) -> 31
A13: =Baserun_Full!A12 -> 9 | B13: =Baserun_Full!B12 -> 0 | C13: =Baserun_Full!C12 -> 4 | D13: =Baserun_Full!D12 -> 2 | E13: =Baserun_Full!E12 -> 3 | F13: =Baserun_Full!F12 -> 5 | G13: =Aware_Full!B12 -> 9 | H13: =Aware_Full!C12 -> 6 | I13: =Aware_Full!D12 -> 2 | J13: =Aware_Full!E12 -> 4 | K13: =Aware_Full!F12 -> 2 | L13: =Learn_Full!B12 -> 1 | M13: =Learn_Full!C12 -> 4 | N13: =Learn_Full!D12 -> 5 | O13: =Learn_Full!E12 -> 10 | P13: =Learn_Full!F12 -> 3 | Q13: =Rich_Full!B12 -> 9 | R13: =Rich_Full!C12 -> 4 | S13: =Rich_Full!D12 -> 10 | T13: =Rich_Full!E12 -> 4 | U13: =Rich_Full!F12 -> 4 | V13: 10 | W13: =PERCENTILE(B13:P13,0.25) -> 2 | X13: =PERCENTILE(B13:P13,0.5) -> 4 | Y13: =PERCENTILE(B13:P13,0.75) -> 5 | AA13: =Baserun_Full!U12 -> 9 | AB13: =Baserun_Full!V12 -> 41 | AC13: =Baserun_Full!W12 -> 29 | AD13: =Baserun_Full!X12 -> 18 | AE13: =Baserun_Full!Y12 -> 30 | AF13: =Baserun_Full!Z12 -> 25 | AG13: =Aware_Full!V12 -> 24 | AH13: =Aware_Full!W12 -> 17 | AI13: =Aware_Full!X12 -> 14 | AJ13: =Aware_Full!Y12 -> 15 | AK13: =Aware_Full!Z12 -> 31 | AL13: =Learn_Full!V12 -> 25 | AM13: =Learn_Full!W12 -> 28 | AN13: =Learn_Full!X12 -> 8 | AO13: =Learn_Full!Y12 -> 17 | AP13: =Learn_Full!Z12 -> 19 | AQ13: =Rich_Full!V12 -> 39 | AR13: =Rich_Full!W12 -> 41 | AS13: =Rich_Full!X12 -> 41 | AT13: =Rich_Full!Y12 -> 37 | AU13: =Rich_Full!Z12 -> 37 | AW13: =PERCENTILE(AB13:AP13,0.25) -> 17 | AX13: =PERCENTILE(AB13:AP13,0.5) -> 24 | AY13: =PERCENTILE(AB13:AP13,0.75) -> 28.5
A14: =Baserun_Full!A13 -> 10 | B14: =Baserun_Full!B13 -> 0 | C14: =Baserun_Full!C13 -> 4 | D14: =Baserun_Full!D13 -> 3 | E14: =Baserun_Full!E13 -> 3 | F14: =Baserun_Full!F13 -> 3 | G14: =Aware_Full!B13 -> 4 | H14: =Aware_Full!C13 -> 1 | I14: =Aware_Full!D13 -> 4 | J14: =Aware_Full!E13 -> 2 | K14: =Aware_Full!F13 -> 2 | L14: =Learn_Full!B13 -> 2 | M14: =Learn_Full!C13 -> 1 | N14: =Learn_Full!D13 -> 9 | O14: =Learn_Full!E13 -> 9 | P14: =Learn_Full!F13 -> 3 | Q14: =Rich_Full!B13 -> 7 | R14: =Rich_Full!C13 -> 8 | S14: =Rich_Full!D13 -> 7 | T14: =Rich_Full!E13 -> 3 | U14: =Rich_Full!F13 -> 7 | V14: 11 | W14: =PERCENTILE(B14:P14,0.25) -> 2 | X14: =PERCENTILE(B14:P14,0.5) -> 3 | Y14: =PERCENTILE(B14:P14,0.75) -> 4 | AA14: =Baserun_Full!U13 -> 10 | AB14: =Baserun_Full!V13 -> 37 | AC14: =Baserun_Full!W13 -> 27 | AD14: =Baserun_Full!X13 -> 18 | AE14: =Baserun_Full!Y13 -> 30 | AF14: =Baserun_Full!Z13 -> 26 | AG14: =Aware_Full!V13 -> 25 | AH14: =Aware_Full!W13 -> 18 | AI14: =Aware_Full!X13 -> 18 | AJ14: =Aware_Full!Y13 -> 16 | AK14: =Aware_Full!Z13 -> 32 | AL14: =Learn_Full!V13 -> 23 | AM14: =Learn_Full!W13 -> 26 | AN14: =Learn_Full!X13 -> 17 | AO14: =Learn_Full!Y13 -> 26 | AP14: =Learn_Full!Z13 -> 21 | AQ14: =Rich_Full!V13 -> 41 | AR14: =Rich_Full!W13 -> 44 | AS14: =Rich_Full!X13 -> 45 | AT14: =Rich_Full!Y13 -> 33 | AU14: =Rich_Full!Z13 -> 42 | AW14: =PERCENTILE(AB14:AP14,0.25) -> 18 | AX14: =PERCENTILE(AB14:AP14,0.5) -> 25 | AY14: =PERCENTILE(AB14:AP14,0.75) -> 26.5
A15: =Baserun_Full!A14 -> 11 | B15: =Baserun_Full!B14 -> 0 | C15: =Baserun_Full!C14 -> 0 | D15: =Baserun_Full!D14 -> 2 | E15: =Baserun_Full!E14 -> 2 | F15: =Baserun_Full!F14 -> 2 | G15: =Aware_Full!B14 -> 4 | H15: =Aware_Full!C14 -> 5 | I15: =Aware_Full!D14 -> 2 | J15: =Aware_Full!E14 -> 0 | K15: =Aware_Full!F14 -> 1 | L15: =Learn_Full!B14 -> 1 | M15: =Learn_Full!C14 -> 0 | N15: =Learn_Full!D14 -> 11 | O15: =Learn_Full!E14 -> 4 | P15: =Learn_Full!F14 -> 2 | Q15: =Rich_Full!B14 -> 6 | R15: =Rich_Full!C14 -> 6 | S15: =Rich_Full!D14 -> 8 | T15: =Rich_Full!E14 -> 3 | U15: =Rich_Full!F14 -> 5 | V15: 12 | W15: =PERCENTILE(B15:P15,0.25) -> 0.5 | X15: =PERCENTILE(B15:P15,0.5) -> 2 | Y15: =PERCENTILE(B15:P15,0.75) -> 3 | AA15: =Baserun_Full!U14 -> 11 | AB15: =Baserun_Full!V14 -> 22 | AC15: =Baserun_Full!W14 -> 22 | AD15: =Baserun_Full!X14 -> 18 | AE15: =Baserun_Full!Y14 -> 26 | AF15: =Baserun_Full!Z14 -> 22 | AG15: =Aware_Full!V14 -> 29 | AH15: =Aware_Full!W14 -> 22 | AI15: =Aware_Full!X14 -> 19 | AJ15: =Aware_Full!Y14 -> 13 | AK15: =Aware_Full!Z14 -> 24 | AL15: =Learn_Full!V14 -> 15 | AM15: =Learn_Full!W14 -> 17 | AN15: =Learn_Full!X14 -> 28 | AO15: =Learn_Full!Y14 -> 30 | AP15: =Learn_Full!Z14 -> 21 | AQ15: =Rich_Full!V14 -> 41 | AR15: =Rich_Full!W14 -> 43 | AS15: =Rich_Full!X14 -> 50 | AT15: =Rich_Full!Y14 -> 29 | AU15: =Rich_Full!Z14 -> 42 | AW15: =PERCENTILE(AB15:AP15,0.25) -> 18.5 | AX15: =PERCENTILE(AB15:AP15,0.5) -> 22 | AY15: =PERCENTILE(AB15:AP15,0.75) -> 25
... A53: =Baserun_Full!A52 -> 49 | B53: =Baserun_Full!B52 -> 0 | C53: =Baserun_Full!C52 -> 0 | D53: =Baserun_Full!D52 -> 0 | E53: =Baserun_Full!E52 -> 0 | F53: =Baserun_Full!F52 -> 0 | G53: =Aware_Full!B52 -> 0 | H53: =Aware_Full!C52 -> 0 | I53: =Aware_Full!D52 -> 0 | J53: =Aware_Full!E52 -> 0 | K53: =Aware_Full!F52 -> 0 | L53: =Learn_Full!B52 -> 0 | M53: =Learn_Full!C52 -> 2 | N53: =Learn_Full!D52 -> 0 | O53: =Learn_Full!E52 -> 0 | P53: =Learn_Full!F52 -> 0 | Q53: =Rich_Full!B52 -> 0 | R53: =Rich_Full!C52 -> 0 | S53: =Rich_Full!D52 -> 0 | T53: =Rich_Full!E52 -> 0 | U53: =Rich_Full!F52 -> 0 | V53: 50 | W53: =PERCENTILE(B53:P53,0.25) -> 0 | X53: =PERCENTILE(B53:P53,0.5) -> 0 | Y53: =PERCENTILE(B53:P53,0.75) -> 0 | AA53: =Baserun_Full!U52 -> 49 | AB53: =Baserun_Full!V52 -> 0 | AC53: =Baserun_Full!W52 -> 0 | AD53: =Baserun_Full!X52 -> 0 | AE53: =Baserun_Full!Y52 -> 0 | AF53: =Baserun_Full!Z52 -> 0 | AG53: =Aware_Full!V52 -> 1 | AH53: =Aware_Full!W52 -> 0 | AI53: =Aware_Full!X52 -> 1 | AJ53: =Aware_Full!Y52 -> 2 | AK53: =Aware_Full!Z52 -> 0 | AL53: =Learn_Full!V52 -> 4 | AM53: =Learn_Full!W52 -> 8 | AN53: =Learn_Full!X52 -> 0 | AO53: =Learn_Full!Y52 -> 0 | AP53: =Learn_Full!Z52 -> 0 | AQ53: =Rich_Full!V52 -> 0 | AR53: =Rich_Full!W52 -> 0 | AS53: =Rich_Full!X52 -> 0 | AT53: =Rich_Full!Y52 -> 0 | AU53: =Rich_Full!Z52 -> 0 | AW53: =PERCENTILE(AB53:AP53,0.25) -> 0 | AX53: =PERCENTILE(AB53:AP53,0.5) -> 0 | AY53: =PERCENTILE(AB53:AP53,0.75) -> 1
A54: =Baserun_Full!A53 -> Sum | B54: =Baserun_Full!B53 -> 71 | C54: =Baserun_Full!C53 -> 60 | D54: =Baserun_Full!D53 -> 51 | E54: =Baserun_Full!E53 -> 73 | F54: =Baserun_Full!F53 -> 71 | G54: =Aware_Full!B53 -> 70 | H54: =Aware_Full!C53 -> 69 | I54: =Aware_Full!D53 -> 66 | J54: =Aware_Full!E53 -> 72 | K54: =Aware_Full!F53 -> 54 | L54: =Learn_Full!B53 -> 78 | M54: =Learn_Full!C53 -> 70 | N54: =Learn_Full!D53 -> 52 | O54: =Learn_Full!E53 -> 71 | P54: =Learn_Full!F53 -> 67 | Q54: =Rich_Full!B53 -> 76 | R54: =Rich_Full!C53 -> 77 | S54: =Rich_Full!D53 -> 80 | T54: =Rich_Full!E53 -> 83 | U54: =Rich_Full!F53 -> 83 | W54: =PERCENTILE(B54:P54,0.25) -> 63 | X54: =PERCENTILE(B54:P54,0.5) -> 70 | Y54: =PERCENTILE(B54:P54,0.75) -> 71 | AA54: =Baserun_Full!U53 -> Sum | AB54: =Baserun_Full!V53 -> 426 | AC54: =Baserun_Full!W53 -> 360 | AD54: =Baserun_Full!X53 -> 306 | AE54: =Baserun_Full!Y53 -> 438 | AF54: =Baserun_Full!Z53 -> 426 | AG54: =Aware_Full!V53 -> 420 | AH54: =Aware_Full!W53 -> 414 | AI54: =Aware_Full!X53 -> 393 | AJ54: =Aware_Full!Y53 -> 428 | AK54: =Aware_Full!Z53 -> 324 | AL54: =Learn_Full!V53 -> 460 | AM54: =Learn_Full!W53 -> 390 | AN54: =Learn_Full!X53 -> 312 | AO54: =Learn_Full!Y53 -> 426 | AP54: =Learn_Full!Z53 -> 402 | AQ54: =Rich_Full!V53 -> 456 | AR54: =Rich_Full!W53 -> 462 | AS54: =Rich_Full!X53 -> 480 | AT54: =Rich_Full!Y53 -> 498 | AU54: =Rich_Full!Z53 -> 498 | AW54: =PERCENTILE(AB54:AP54,0.25) -> 375 | AX54: =PERCENTILE(AB54:AP54,0.5) -> 414 | AY54: =PERCENTILE(AB54:AP54,0.75) -> 426

Sheet Baserun_Full
B1: New Infection | L1: Mobility | V1: Infected | AF1: Mobility (6 Day Average)
A2: Time | B2: NI_Baserun1 | C2: NI_Baserun2 | D2: NI_Baserun3 | E2: NI_Baserun4 | F2: NI_Baserun5 | G2: NI_Min | H2: NI_Mean | I2: NI_Max | K2: Time | L2: Mob_Baserun1 | M2: Mob_Baserun2 | N2: Mob_Baserun3 | O2: Mob_Baserun4 | P2: Mob_Baserun5 | Q2: Mob_Min | R2: Mob_Mean | S2: Mob_Max | U2: Time | V2: I_Baserun1 | W2: I_Baserun2 | X2: I_Baserun3 | Y2: I_Baserun4 | Z2: I_Baserun5 | AA2: I_Min | AB2: I_Mean | AC2: I_Max | AE2: Time | AF2: Mob6_Baserun1 | AG2: Mob6_Baserun2 | AH2: Mob6_Baserun3 | AI2: Mob6_Baserun4 | AJ2: Mob6_Baserun5 | AK2: Mob6_Min | AL2: Mob6_Mean | AM2: Mob6_Max
A3: 0 | B3: =Baserun1!H2 -> 2 | C3: =Baserun2!H2 -> 2 | D3: =Baserun3!H2 -> 2 | E3: =Baserun4!H2 -> 2 | F3: =Baserun5!H2 -> 2 | G3: =MIN(B3:F3) -> 2 | H3: =AVERAGE(B3:F3) -> 2 | I3: =MAX(B3:F3) -> 2 | K3: 0 | L3: =Baserun1!$G2 -> 100 | M3: =Baserun2!$G2 -> 100 | N3: =Baserun3!$G2 -> 100 | O3: =Baserun4!$G2 -> 100 | P3: =Baserun5!$G2 -> 100 | Q3: =MIN(L3:P3) -> 100 | R3: =AVERAGE(L3:P3) -> 100 | S3: =MAX(L3:P3) -> 100 | U3: 0 | V3: =Baserun1!D2 -> 2 | W3: =Baserun2!D2 -> 2 | X3: =Baserun3!D2 -> 2 | Y3: =Baserun4!D2 -> 2 | Z3: =Baserun5!D2 -> 2 | AA3: =MIN(V3:Z3) -> 2 | AB3: =AVERAGE(V3:Z3) -> 2 | AC3: =MAX(V3:Z3) -> 2 | AE3: 0 | AF3: =L3 -> 100 | AG3: =M3 -> 100 | AH3: =N3 -> 100 | AI3: =O3 -> 100 | AJ3: =P3 -> 100 | AK3: =MIN(AF3:AJ3) -> 100 | AL3: =AVERAGE(AF3:AJ3) -> 100 | AM3: =MAX(AF3:AJ3) -> 100
A4: 1 | B4: =Baserun1!H3 -> 0 | C4: =Baserun2!H3 -> 4 | D4: =Baserun3!H3 -> 1 | E4: =Baserun4!H3 -> 3 | F4: =Baserun5!H3 -> 1 | G4: =MIN(B4:F4) -> 0 | H4: =AVERAGE(B4:F4) -> 1.8 | I4: =MAX(B4:F4) -> 4 | K4: 1 | L4: =Baserun1!$G3 -> 100 | M4: =Baserun2!$G3 -> 100 | N4: =Baserun3!$G3 -> 100 | O4: =Baserun4!$G3 -> 100 | P4: =Baserun5!$G3 -> 99 | Q4: =MIN(L4:P4) -> 99 | R4: =AVERAGE(L4:P4) -> 99.8 | S4: =MAX(L4:P4) -> 100 | U4: 1 | V4: =Baserun1!D3 -> 2 | W4: =Baserun2!D3 -> 6 | X4: =Baserun3!D3 -> 3 | Y4: =Baserun4!D3 -> 5 | Z4: =Baserun5!D3 -> 3 | AA4: =MIN(V4:Z4) -> 2 | AB4: =AVERAGE(V4:Z4) -> 3.8 | AC4: =MAX(V4:Z4) -> 6 | AE4: 1 | AF4: =AVERAGE(L3:L4) -> 100 | AG4: =AVERAGE(M3:M4) -> 100 | AH4: =AVERAGE(N3:N4) -> 100 | AI4: =AVERAGE(O3:O4) -> 100 | AJ4: =AVERAGE(P3:P4) -> 99.5 | AK4: =MIN(AF4:AJ4) -> 99.5 | AL4: =AVERAGE(AF4:AJ4) -> 99.9 | AM4: =MAX(AF4:AJ4) -> 100
A5: 2 | B5: =Baserun1!H4 -> 5 | C5: =Baserun2!H4 -> 9 | D5: =Baserun3!H4 -> 3 | E5: =Baserun4!H4 -> 4 | F5: =Baserun5!H4 -> 2 | G5: =MIN(B5:F5) -> 2 | H5: =AVERAGE(B5:F5) -> 4.6 | I5: =MAX(B5:F5) -> 9 | K5: 2 | L5: =Baserun1!$G4 -> 100 | M5: =Baserun2!$G4 -> 100 | N5: =Baserun3!$G4 -> 100 | O5: =Baserun4!$G4 -> 100 | P5: =Baserun5!$G4 -> 99 | Q5: =MIN(L5:P5) -> 99 | R5: =AVERAGE(L5:P5) -> 99.8 | S5: =MAX(L5:P5) -> 100 | U5: 2 | V5: =Baserun1!D4 -> 7 | W5: =Baserun2!D4 -> 15 | X5: =Baserun3!D4 -> 6 | Y5: =Baserun4!D4 -> 9 | Z5: =Baserun5!D4 -> 5 | AA5: =MIN(V5:Z5) -> 5 | AB5: =AVERAGE(V5:Z5) -> 8.4 | AC5: =MAX(V5:Z5) -> 15 | AE5: 2 | AF5: =AVERAGE(L3:L5) -> 100 | AG5: =AVERAGE(M3:M5) -> 100 | AH5: =AVERAGE(N3:N5) -> 100 | AI5: =AVERAGE(O3:O5) -> 100 | AJ5: =AVERAGE(P3:P5) -> 99.333333 | AK5: =MIN(AF5:AJ5) -> 99.333333 | AL5: =AVERAGE(AF5:AJ5) -> 99.866667 | AM5: =MAX(AF5:AJ5) -> 100
A6: 3 | B6: =Baserun1!H5 -> 8 | C6: =Baserun2!H5 -> 10 | D6: =Baserun3!H5 -> 3 | E6: =Baserun4!H5 -> 6 | F6: =Baserun5!H5 -> 6 | G6: =MIN(B6:F6) -> 3 | H6: =AVERAGE(B6:F6) -> 6.6 | I6: =MAX(B6:F6) -> 10 | K6: 3 | L6: =Baserun1!$G5 -> 100 | M6: =Baserun2!$G5 -> 99 | N6: =Baserun3!$G5 -> 99 | O6: =Baserun4!$G5 -> 99 | P6: =Baserun5!$G5 -> 99 | Q6: =MIN(L6:P6) -> 99 | R6: =AVERAGE(L6:P6) -> 99.2 | S6: =MAX(L6:P6) -> 100 | U6: 3 | V6: =Baserun1!D5 -> 15 | W6: =Baserun2!D5 -> 25 | X6: =Baserun3!D5 -> 9 | Y6: =Baserun4!D5 -> 15 | Z6: =Baserun5!D5 -> 11 | AA6: =MIN(V6:Z6) -> 9 | AB6: =AVERAGE(V6:Z6) -> 15 | AC6: =MAX(V6:Z6) -> 25 | AE6: 3 | AF6: =AVERAGE(L3:L6) -> 100 | AG6: =AVERAGE(M3:M6) -> 99.75 | AH6: =AVERAGE(N3:N6) -> 99.75 | AI6: =AVERAGE(O3:O6) -> 99.75 | AJ6: =AVERAGE(P3:P6) -> 99.25 | AK6: =MIN(AF6:AJ6) -> 99.25 | AL6: =AVERAGE(AF6:AJ6) -> 99.7 | AM6: =MAX(AF6:AJ6) -> 100
A7: 4 | B7: =Baserun1!H6 -> 4 | C7: =Baserun2!H6 -> 6 | D7: =Baserun3!H6 -> 3 | E7: =Baserun4!H6 -> 3 | F7: =Baserun5!H6 -> 2 | G7: =MIN(B7:F7) -> 2 | H7: =AVERAGE(B7:F7) -> 3.6 | I7: =MAX(B7:F7) -> 6 | K7: 4 | L7: =Baserun1!$G6 -> 39 | M7: =Baserun2!$G6 -> 37 | N7: =Baserun3!$G6 -> 38 | O7: =Baserun4!$G6 -> 37 | P7: =Baserun5!$G6 -> 30 | Q7: =MIN(L7:P7) -> 30 | R7: =AVERAGE(L7:P7) -> 36.2 | S7: =MAX(L7:P7) -> 39 | U7: 4 | V7: =Baserun1!D6 -> 19 | W7: =Baserun2!D6 -> 31 | X7: =Baserun3!D6 -> 12 | Y7: =Baserun4!D6 -> 18 | Z7: =Baserun5!D6 -> 13 | AA7: =MIN(V7:Z7) -> 12 | AB7: =AVERAGE(V7:Z7) -> 18.6 | AC7: =MAX(V7:Z7) -> 31 | AE7: 4 | AF7: =AVERAGE(L3:L7) -> 87.8 | AG7: =AVERAGE(M3:M7) -> 87.2 | AH7: =AVERAGE(N3:N7) -> 87.4 | AI7: =AVERAGE(O3:O7) -> 87.2 | AJ7: =AVERAGE(P3:P7) -> 85.4 | AK7: =MIN(AF7:AJ7) -> 85.4 | AL7: =AVERAGE(AF7:AJ7) -> 87 | AM7: =MAX(AF7:AJ7) -> 87.8
A8: 5 | B8: =Baserun1!H7 -> 15 | C8: =Baserun2!H7 -> 5 | D8: =Baserun3!H7 -> 2 | E8: =Baserun4!H7 -> 6 | F8: =Baserun5!H7 -> 6 | G8: =MIN(B8:F8) -> 2 | H8: =AVERAGE(B8:F8) -> 6.8 | I8: =MAX(B8:F8) -> 15 | K8: 5 | L8: =Baserun1!$G7 -> 97 | M8: =Baserun2!$G7 -> 36 | N8: =Baserun3!$G7 -> 52 | O8: =Baserun4!$G7 -> 42 | P8: =Baserun5!$G7 -> 46 | Q8: =MIN(L8:P8) -> 36 | R8: =AVERAGE(L8:P8) -> 54.6 | S8: =MAX(L8:P8) -> 97 | U8: 5 | V8: =Baserun1!D7 -> 34 | W8: =Baserun2!D7 -> 36 | X8: =Baserun3!D7 -> 14 | Y8: =Baserun4!D7 -> 24 | Z8: =Baserun5!D7 -> 19 | AA8: =MIN(V8:Z8) -> 14 | AB8: =AVERAGE(V8:Z8) -> 25.4 | AC8: =MAX(V8:Z8) -> 36 | AE8: 5 | AF8: =AVERAGE(L3:L8) -> 89.333333 | AG8: =AVERAGE(M3:M8) -> 78.666667 | AH8: =AVERAGE(N3:N8) -> 81.5 | AI8: =AVERAGE(O3:O8) -> 79.666667 | AJ8: =AVERAGE(P3:P8) -> 78.833333 | AK8: =MIN(AF8:AJ8) -> 78.666667 | AL8: =AVERAGE(AF8:AJ8) -> 81.6 | AM8: =MAX(AF8:AJ8) -> 89.333333
A9: 6 | B9: =Baserun1!H8 -> 7 | C9: =Baserun2!H8 -> 7 | D9: =Baserun3!H8 -> 4 | E9: =Baserun4!H8 -> 7 | F9: =Baserun5!H8 -> 4 | G9: =MIN(B9:F9) -> 4 | H9: =AVERAGE(B9:F9) -> 5.8 | I9: =MAX(B9:F9) -> 7 | K9: 6 | L9: =Baserun1!$G8 -> 37 | M9: =Baserun2!$G8 -> 28 | N9: =Baserun3!$G8 -> 37 | O9: =Baserun4!$G8 -> 34 | P9: =Baserun5!$G8 -> 29 | Q9: =MIN(L9:P9) -> 28 | R9: =AVERAGE(L9:P9) -> 33 | S9: =MAX(L9:P9) -> 37 | U9: 6 | V9: =Baserun1!D8 -> 39 | W9: =Baserun2!D8 -> 41 | X9: =Baserun3!D8 -> 16 | Y9: =Baserun4!D8 -> 29 | Z9: =Baserun5!D8 -> 21 | AA9: =MIN(V9:Z9) -> 16 | AB9: =AVERAGE(V9:Z9) -> 29.2 | AC9: =MAX(V9:Z9) -> 41 | AE9: 6 | AF9: =AVERAGE(L4:L9) -> 78.833333 | AG9: =AVERAGE(M4:M9) -> 66.666667 | AH9: =AVERAGE(N4:N9) -> 71 | AI9: =AVERAGE(O4:O9) -> 68.666667 | AJ9: =AVERAGE(P4:P9) -> 67 | AK9: =MIN(AF9:AJ9) -> 66.666667 | AL9: =AVERAGE(AF9:AJ9) -> 70.433333 | AM9: =MAX(AF9:AJ9) -> 78.833333
A10: 7 | B10: =Baserun1!H9 -> 7 | C10: =Baserun2!H9 -> 2 | D10: =Baserun3!H9 -> 5 | E10: =Baserun4!H9 -> 4 | F10: =Baserun5!H9 -> 3 | G10: =MIN(B10:F10) -> 2 | H10: =AVERAGE(B10:F10) -> 4.2 | I10: =MAX(B10:F10) -> 7 | K10: 7 | L10: =Baserun1!$G9 -> 30 | M10: =Baserun2!$G9 -> 14 | N10: =Baserun3!$G9 -> 34 | O10: =Baserun4!$G9 -> 30 | P10: =Baserun5!$G9 -> 26 | Q10: =MIN(L10:P10) -> 14 | R10: =AVERAGE(L10:P10) -> 26.8 | S10: =MAX(L10:P10) -> 34 | U10: 7 | V10: =Baserun1!D9 -> 46 | W10: =Baserun2!D9 -> 39 | X10: =Baserun3!D9 -> 20 | Y10: =Baserun4!D9 -> 30 | Z10: =Baserun5!D9 -> 23 | AA10: =MIN(V10:Z10) -> 20 | AB10: =AVERAGE(V10:Z10) -> 31.6 | AC10: =MAX(V10:Z10) -> 46 | AE10: 7 | AF10: =AVERAGE(L5:L10) -> 67.166667 | AG10: =AVERAGE(M5:M10) -> 52.333333 | AH10: =AVERAGE(N5:N10) -> 60 | AI10: =AVERAGE(O5:O10) -> 57 | AJ10: =AVERAGE(P5:P10) -> 54.833333 | AK10: =MIN(AF10:AJ10) -> 52.333333 | AL10: =AVERAGE(AF10:AJ10) -> 58.266667 | AM10: =MAX(AF10:AJ10) -> 67.166667
A11: 8 | B11: =Baserun1!H10 -> 8 | C11: =Baserun2!H10 -> 5 | D11: =Baserun3!H10 -> 2 | E11: =Baserun4!H10 -> 7 | F11: =Baserun5!H10 -> 5 | G11: =MIN(B11:F11) -> 2 | H11: =AVERAGE(B11:F11) -> 5.4 | I11: =MAX(B11:F11) -> 8 | K11: 8 | L11: =Baserun1!$G10 -> 30 | M11: =Baserun2!$G10 -> 26 | N11: =Baserun3!$G10 -> 29 | O11: =Baserun4!$G10 -> 32 | P11: =Baserun5!$G10 -> 21 | Q11: =MIN(L11:P11) -> 21 | R11: =AVERAGE(L11:P11) -> 27.6 | S11: =MAX(L11:P11) -> 32 | U11: 8 | V11: =Baserun1!D10 -> 49 | W11: =Baserun2!D10 -> 35 | X11: =Baserun3!D10 -> 19 | Y11: =Baserun4!D10 -> 33 | Z11: =Baserun5!D10 -> 26 | AA11: =MIN(V11:Z11) -> 19 | AB11: =AVERAGE(V11:Z11) -> 32.4 | AC11: =MAX(V11:Z11) -> 49 | AE11: 8 | AF11: =AVERAGE(L6:L11) -> 55.5 | AG11: =AVERAGE(M6:M11) -> 40 | AH11: =AVERAGE(N6:N11) -> 48.166667 | AI11: =AVERAGE(O6:O11) -> 45.666667 | AJ11: =AVERAGE(P6:P11) -> 41.833333 | AK11: =MIN(AF11:AJ11) -> 40 | AL11: =AVERAGE(AF11:AJ11) -> 46.233333 | AM11: =MAX(AF11:AJ11) -> 55.5
A12: 9 | B12: =Baserun1!H11 -> 0 | C12: =Baserun2!H11 -> 4 | D12: =Baserun3!H11 -> 2 | E12: =Baserun4!H11 -> 3 | F12: =Baserun5!H11 -> 5 | G12: =MIN(B12:F12) -> 0 | H12: =AVERAGE(B12:F12) -> 2.8 | I12: =MAX(B12:F12) -> 5 | K12: 9 | L12: =Baserun1!$G11 -> 22 | M12: =Baserun2!$G11 -> 18 | N12: =Baserun3!$G11 -> 32 | O12: =Baserun4!$G11 -> 21 | P12: =Baserun5!$G11 -> 23 | Q12: =MIN(L12:P12) -> 18 | R12: =AVERAGE(L12:P12) -> 23.2 | S12: =MAX(L12:P12) -> 32 | U12: 9 | V12: =Baserun1!D11 -> 41 | W12: =Baserun2!D11 -> 29 | X12: =Baserun3!D11 -> 18 | Y12: =Baserun4!D11 -> 30 | Z12: =Baserun5!D11 -> 25 | AA12: =MIN(V12:Z12) -> 18 | AB12: =AVERAGE(V12:Z12) -> 28.6 | AC12: =MAX(V12:Z12) -> 41 | AE12: 9 | AF12: =AVERAGE(L7:L12) -> 42.5 | AG12: =AVERAGE(M7:M12) -> 26.5 | AH12: =AVERAGE(N7:N12) -> 37 | AI12: =AVERAGE(O7:O12) -> 32.666667 | AJ12: =AVERAGE(P7:P12) -> 29.166667 | AK12: =MIN(AF12:AJ12) -> 26.5 | AL12: =AVERAGE(AF12:AJ12) -> 33.566667 | AM12: =MAX(AF12:AJ12) -> 42.5
A13: 10 | B13: =Baserun1!H12 -> 0 | C13: =Baserun2!H12 -> 4 | D13: =Baserun3!H12 -> 3 | E13: =Baserun4!H12 -> 3 | F13: =Baserun5!H12 -> 3 | G13: =MIN(B13:F13) -> 0 | H13: =AVERAGE(B13:F13) -> 2.6 | I13: =MAX(B13:F13) -> 4 | K13: 10 | L13: =Baserun1!$G12 -> 20 | M13: =Baserun2!$G12 -> 27 | N13: =Baserun3!$G12 -> 35 | O13: =Baserun4!$G12 -> 23 | P13: =Baserun5!$G12 -> 26 | Q13: =MIN(L13:P13) -> 20 | R13: =AVERAGE(L13:P13) -> 26.2 | S13: =MAX(L13:P13) -> 35 | U13: 10 | V13: =Baserun1!D12 -> 37 | W13: =Baserun2!D12 -> 27 | X13: =Baserun3!D12 -> 18 | Y13: =Baserun4!D12 -> 30 | Z13: =Baserun5!D12 -> 26 | AA13: =MIN(V13:Z13) -> 18 | AB13: =AVERAGE(V13:Z13) -> 27.6 | AC13: =MAX(V13:Z13) -> 37 | AE13: 10 | AF13: =AVERAGE(L8:L13) -> 39.333333 | AG13: =AVERAGE(M8:M13) -> 24.833333 | AH13: =AVERAGE(N8:N13) -> 36.5 | AI13: =AVERAGE(O8:O13) -> 30.333333 | AJ13: =AVERAGE(P8:P13) -> 28.5 | AK13: =MIN(AF13:AJ13) -> 24.833333 | AL13: =AVERAGE(AF13:AJ13) -> 31.9 | AM13: =MAX(AF13:AJ13) -> 39.333333
A14: 11 | B14: =Baserun1!H13 -> 0 | C14: =Baserun2!H13 -> 0 | D14: =Baserun3!H13 -> 2 | E14: =Baserun4!H13 -> 2 | F14: =Baserun5!H13 -> 2 | G14: =MIN(B14:F14) -> 0 | H14: =AVERAGE(B14:F14) -> 1.2 | I14: =MAX(B14:F14) -> 2 | K14: 11 | L14: =Baserun1!$G13 -> 18 | M14: =Baserun2!$G13 -> 26 | N14: =Baserun3!$G13 -> 41 | O14: =Baserun4!$G13 -> 25 | P14: =Baserun5!$G13 -> 26 | Q14: =MIN(L14:P14) -> 18 | R14: =AVERAGE(L14:P14) -> 27.2 | S14: =MAX(L14:P14) -> 41 | U14: 11 | V14: =Baserun1!D13 -> 22 | W14: =Baserun2!D13 -> 22 | X14: =Baserun3!D13 -> 18 | Y14: =Baserun4!D13 -> 26 | Z14: =Baserun5!D13 -> 22 | AA14: =MIN(V14:Z14) -> 18 | AB14: =AVERAGE(V14:Z14) -> 22 | AC14: =MAX(V14:Z14) -> 26 | AE14: 11 | AF14: =AVERAGE(L9:L14) -> 26.166667 | AG14: =AVERAGE(M9:M14) -> 23.166667 | AH14: =AVERAGE(N9:N14) -> 34.666667 | AI14: =AVERAGE(O9:O14) -> 27.5 | AJ14: =AVERAGE(P9:P14) -> 25.166667 | AK14: =MIN(AF14:AJ14) -> 23.166667 | AL14: =AVERAGE(AF14:AJ14) -> 27.333333 | AM14: =MAX(AF14:AJ14) -> 34.666667
A15: 12 | B15: =Baserun1!H14 -> 1 | C15: =Baserun2!H14 -> 1 | D15: =Baserun3!H14 -> 2 | E15: =Baserun4!H14 -> 1 | F15: =Baserun5!H14 -> 0 | G15: =MIN(B15:F15) -> 0 | H15: =AVERAGE(B15:F15) -> 1 | I15: =MAX(B15:F15) -> 2 | K15: 12 | L15: =Baserun1!$G14 -> 17 | M15: =Baserun2!$G14 -> 23 | N15: =Baserun3!$G14 -> 30 | O15: =Baserun4!$G14 -> 23 | P15: =Baserun5!$G14 -> 21 | Q15: =MIN(L15:P15) -> 17 | R15: =AVERAGE(L15:P15) -> 22.8 | S15: =MAX(L15:P15) -> 30 | U15: 12 | V15: =Baserun1!D14 -> 16 | W15: =Baserun2!D14 -> 16 | X15: =Baserun3!D14 -> 16 | Y15: =Baserun4!D14 -> 20 | Z15: =Baserun5!D14 -> 18 | AA15: =MIN(V15:Z15) -> 16 | AB15: =AVERAGE(V15:Z15) -> 17.2 | AC15: =MAX(V15:Z15) -> 20 | AE15: 12 | AF15: =AVERAGE(L10:L15) -> 22.833333 | AG15: =AVERAGE(M10:M15) -> 22.333333 | AH15: =AVERAGE(N10:N15) -> 33.5 | AI15: =AVERAGE(O10:O15) -> 25.666667 | AJ15: =AVERAGE(P10:P15) -> 23.833333 | AK15: =MIN(AF15:AJ15) -> 22.333333 | AL15: =AVERAGE(AF15:AJ15) -> 25.633333 | AM15: =MAX(AF15:AJ15) -> 33.5
A16: 13 | B16: =Baserun1!H15 -> 5 | C16: =Baserun2!H15 -> 0 | D16: =Baserun3!H15 -> 2 | E16: =Baserun4!H15 -> 5 | F16: =Baserun5!H15 -> 2 | G16: =MIN(B16:F16) -> 0 | H16: =AVERAGE(B16:F16) -> 2.8 | I16: =MAX(B16:F16) -> 5 | K16: 13 | L16: =Baserun1!$G15 -> 92 | M16: =Baserun2!$G15 -> 27 | N16: =Baserun3!$G15 -> 35 | O16: =Baserun4!$G15 -> 34 | P16: =Baserun5!$G15 -> 25 | Q16: =MIN(L16:P16) -> 25 | R16: =AVERAGE(L16:P16) -> 42.6 | S16: =MAX(L16:P16) -> 92 | U16: 13 | V16: =Baserun1!D15 -> 14 | W16: =Baserun2!D15 -> 14 | X16: =Baserun3!D15 -> 13 | Y16: =Baserun4!D15 -> 21 | Z16: =Baserun5!D15 -> 17 | AA16: =MIN(V16:Z16) -> 13 | AB16: =AVERAGE(V16:Z16) -> 15.8 | AC16: =MAX(V16:Z16) -> 21 | AE16: 13 | AF16: =AVERAGE(L11:L16) -> 33.166667 | AG16: =AVERAGE(M11:M16) -> 24.5 | AH16: =AVERAGE(N11:N16) -> 33.666667 | AI16: =AVERAGE(O11:O16) -> 26.333333 | AJ16: =AVERAGE(P11:P16) -> 23.666667 | AK16: =MIN(AF16:AJ16) -> 23.666667 | AL16: =AVERAGE(AF16:AJ16) -> 28.266667 | AM16: =MAX(AF16:AJ16) -> 33.666667
A17: 14 | B17: =Baserun1!H16 -> 5 | C17: =Baserun2!H16 -> 0 | D17: =Baserun3!H16 -> 1 | E17: =Baserun4!H16 -> 4 | F17: =Baserun5!H16 -> 0 | G17: =MIN(B17:F17) -> 0 | H17: =AVERAGE(B17:F17) -> 2 | I17: =MAX(B17:F17) -> 5 | K17: 14 | L17: =Baserun1!$G16 -> 97 | M17: =Baserun2!$G16 -> 29 | N17: =Baserun3!$G16 -> 36 | O17: =Baserun4!$G16 -> 35 | P17: =Baserun5!$G16 -> 31 | Q17: =MIN(L17:P17) -> 29 | R17: =AVERAGE(L17:P17) -> 45.6 | S17: =MAX(L17:P17) -> 97 | U17: 14 | V17: =Baserun1!D16 -> 11 | W17: =Baserun2!D16 -> 9 | X17: =Baserun3!D16 -> 12 | Y17: =Baserun4!D16 -> 18 | Z17: =Baserun5!D16 -> 12 | AA17: =MIN(V17:Z17) -> 9 | AB17: =AVERAGE(V17:Z17) -> 12.4 | AC17: =MAX(V17:Z17) -> 18 | AE17: 14 | AF17: =AVERAGE(L12:L17) -> 44.333333 | AG17: =AVERAGE(M12:M17) -> 25 | AH17: =AVERAGE(N12:N17) -> 34.833333 | AI17: =AVERAGE(O12:O17) -> 26.833333 | AJ17: =AVERAGE(P12:P17) -> 25.333333 | AK17: =MIN(AF17:AJ17) -> 25 | AL17: =AVERAGE(AF17:AJ17) -> 31.266667 | AM17: =MAX(AF17:AJ17) -> 44.333333
A18: 15 | B18: =Baserun1!H17 -> 3 | C18: =Baserun2!H17 -> 1 | D18: =Baserun3!H17 -> 1 | E18: =Baserun4!H17 -> 0 | F18: =Baserun5!H17 -> 1 | G18: =MIN(B18:F18) -> 0 | H18: =AVERAGE(B18:F18) -> 1.2 | I18: =MAX(B18:F18) -> 3 | K18: 15 | L18: =Baserun1!$G17 -> 100 | M18: =Baserun2!$G17 -> 95 | N18: =Baserun3!$G17 -> 34 | O18: =Baserun4!$G17 -> 32 | P18: =Baserun5!$G17 -> 26 | Q18: =MIN(L18:P18) -> 26 | R18: =AVERAGE(L18:P18) -> 57.4 | S18: =MAX(L18:P18) -> 100 | U18: 15 | V18: =Baserun1!D17 -> 14 | W18: =Baserun2!D17 -> 6 | X18: =Baserun3!D17 -> 11 | Y18: =Baserun4!D17 -> 15 | Z18: =Baserun5!D17 -> 8 | AA18: =MIN(V18:Z18) -> 6 | AB18: =AVERAGE(V18:Z18) -> 10.8 | AC18: =MAX(V18:Z18) -> 15 | AE18: 15 | AF18: =AVERAGE(L13:L18) -> 57.333333 | AG18: =AVERAGE(M13:M18) -> 37.833333 | AH18: =AVERAGE(N13:N18) -> 35.166667 | AI18: =AVERAGE(O13:O18) -> 28.666667 | AJ18: =AVERAGE(P13:P18) -> 25.833333 | AK18: =MIN(AF18:AJ18) -> 25.833333 | AL18: =AVERAGE(AF18:AJ18) -> 36.966667 | AM18: =MAX(AF18:AJ18) -> 57.333333
A19: 16 | B19: =Baserun1!H18 -> 1 | C19: =Baserun2!H18 -> 0 | D19: =Baserun3!H18 -> 0 | E19: =Baserun4!H18 -> 1 | F19: =Baserun5!H18 -> 0 | G19: =MIN(B19:F19) -> 0 | H19: =AVERAGE(B19:F19) -> 0.4 | I19: =MAX(B19:F19) -> 1 | K19: 16 | L19: =Baserun1!$G18 -> 56 | M19: =Baserun2!$G18 -> 44 | N19: =Baserun3!$G18 -> 34 | O19: =Baserun4!$G18 -> 45 | P19: =Baserun5!$G18 -> 96 | Q19: =MIN(L19:P19) -> 34 | R19: =AVERAGE(L19:P19) -> 55 | S19: =MAX(L19:P19) -> 96 | U19: 16 | V19: =Baserun1!D18 -> 15 | W19: =Baserun2!D18 -> 2 | X19: =Baserun3!D18 -> 8 | Y19: =Baserun4!D18 -> 13 | Z19: =Baserun5!D18 -> 5 | AA19: =MIN(V19:Z19) -> 2 | AB19: =AVERAGE(V19:Z19) -> 8.6 | AC19: =MAX(V19:Z19) -> 15 | AE19: 16 | AF19: =AVERAGE(L14:L19) -> 63.333333 | AG19: =AVERAGE(M14:M19) -> 40.666667 | AH19: =AVERAGE(N14:N19) -> 35 | AI19: =AVERAGE(O14:O19) -> 32.333333 | AJ19: =AVERAGE(P14:P19) -> 37.5 | AK19: =MIN(AF19:AJ19) -> 32.333333 | AL19: =AVERAGE(AF19:AJ19) -> 41.766667 | AM19: =MAX(AF19:AJ19) -> 63.333333
... A24: 21 | B24: =Baserun1!H23 -> 0 | C24: =Baserun2!H23 -> 0 | D24: =Baserun3!H23 -> 0 | E24: =Baserun4!H23 -> 1 | F24: =Baserun5!H23 -> 4 | G24: =MIN(B24:F24) -> 0 | H24: =AVERAGE(B24:F24) -> 1 | I24: =MAX(B24:F24) -> 4 | K24: 21 | L24: =Baserun1!$G23 -> 98 | M24: =Baserun2!$G23 -> 99 | N24: =Baserun3!$G23 -> 59 | O24: =Baserun4!$G23 -> 99 | P24: =Baserun5!$G23 -> 98 | Q24: =MIN(L24:P24) -> 59 | R24: =AVERAGE(L24:P24) -> 90.6 | S24: =MAX(L24:P24) -> 99 | U24: 21 | V24: =Baserun1!D23 -> 1 | W24: =Baserun2!D23 -> 0 | X24: =Baserun3!D23 -> 4 | Y24: =Baserun4!D23 -> 4 | Z24: =Baserun5!D23 -> 8 | AA24: =MIN(V24:Z24) -> 0 | AB24: =AVERAGE(V24:Z24) -> 3.4 | AC24: =MAX(V24:Z24) -> 8 | AE24: 21 | AF24: =AVERAGE(L19:L24) -> 51.166667 | AG24: =AVERAGE(M19:M24) -> 81.333333 | AH24: =AVERAGE(N19:N24) -> 55 | AI24: =AVERAGE(O19:O24) -> 61 | AJ24: =AVERAGE(P19:P24) -> 77.833333 | AK24: =MIN(AF24:AJ24) -> 51.166667 | AL24: =AVERAGE(AF24:AJ24) -> 65.266667 | AM24: =MAX(AF24:AJ24) -> 81.333333
A25: 22 | B25: =Baserun1!H24 -> 0 | C25: =Baserun2!H24 -> 0 | D25: =Baserun3!H24 -> 0 | E25: =Baserun4!H24 -> 2 | F25: =Baserun5!H24 -> 0 | G25: =MIN(B25:F25) -> 0 | H25: =AVERAGE(B25:F25) -> 0.4 | I25: =MAX(B25:F25) -> 2 | K25: 22 | L25: =Baserun1!$G24 -> 100 | M25: =100 -> 100 | N25: =Baserun3!$G24 -> 62 | O25: =Baserun4!$G24 -> 98 | P25: =Baserun5!$G24 -> 40 | Q25: =MIN(L25:P25) -> 40 | R25: =AVERAGE(L25:P25) -> 80 | S25: =MAX(L25:P25) -> 100 | U25: 22 | V25: =Baserun1!D24 -> 0 | W25: =Baserun2!D24 -> 0 | X25: =Baserun3!D24 -> 4 | Y25: =Baserun4!D24 -> 5 | Z25: =Baserun5!D24 -> 8 | AA25: =MIN(V25:Z25) -> 0 | AB25: =AVERAGE(V25:Z25) -> 3.4 | AC25: =MAX(V25:Z25) -> 8 | AE25: 22 | AF25: =AVERAGE(L20:L25) -> 58.5 | AG25: =AVERAGE(M20:M25) -> 90.666667 | AH25: =AVERAGE(N20:N25) -> 59.666667 | AI25: =AVERAGE(O20:O25) -> 69.833333 | AJ25: =AVERAGE(P20:P25) -> 68.5 | AK25: =MIN(AF25:AJ25) -> 58.5 | AL25: =AVERAGE(AF25:AJ25) -> 69.433333 | AM25: =MAX(AF25:AJ25) -> 90.666667
A26: 23 | B26: =Baserun1!H25 -> 0 | C26: =Baserun2!H25 -> 0 | D26: =Baserun3!H25 -> 1 | E26: =Baserun4!H25 -> 0 | F26: =Baserun5!H25 -> 4 | G26: =MIN(B26:F26) -> 0 | H26: =AVERAGE(B26:F26) -> 1 | I26: =MAX(B26:F26) -> 4 | K26: 23 | L26: =100 -> 100 | M26: =100 -> 100 | N26: =Baserun3!$G25 -> 99 | O26: =Baserun4!$G25 -> 35 | P26: =Baserun5!$G25 -> 96 | Q26: =MIN(L26:P26) -> 35 | R26: =AVERAGE(L26:P26) -> 86 | S26: =MAX(L26:P26) -> 100 | U26: 23 | V26: =Baserun1!D25 -> 0 | W26: =Baserun2!D25 -> 0 | X26: =Baserun3!D25 -> 4 | Y26: =Baserun4!D25 -> 5 | Z26: =Baserun5!D25 -> 12 | AA26: =MIN(V26:Z26) -> 0 | AB26: =AVERAGE(V26:Z26) -> 4.2 | AC26: =MAX(V26:Z26) -> 12 | AE26: 23 | AF26: =AVERAGE(L21:L26) -> 69.666667 | AG26: =AVERAGE(M21:M26) -> 90.833333 | AH26: =AVERAGE(N21:N26) -> 71 | AI26: =AVERAGE(O21:O26) -> 70 | AJ26: =AVERAGE(P21:P26) -> 79.5 | AK26: =MIN(AF26:AJ26) -> 69.666667 | AL26: =AVERAGE(AF26:AJ26) -> 76.2 | AM26: =MAX(AF26:AJ26) -> 90.833333
A27: 24 | B27: =Baserun1!H26 -> 0 | C27: =Baserun2!H26 -> 0 | D27: =Baserun3!H26 -> 1 | E27: =Baserun4!H26 -> 1 | F27: =Baserun5!H26 -> 0 | G27: =MIN(B27:F27) -> 0 | H27: =AVERAGE(B27:F27) -> 0.4 | I27: =MAX(B27:F27) -> 1 | K27: 24 | L27: =100 -> 100 | M27: =100 -> 100 | N27: =Baserun3!$G26 -> 40 | O27: =Baserun4!$G26 -> 98 | P27: =Baserun5!$G26 -> 48 | Q27: =MIN(L27:P27) -> 40 | R27: =AVERAGE(L27:P27) -> 77.2 | S27: =MAX(L27:P27) -> 100 | U27: 24 | V27: =Baserun1!D26 -> 0 | W27: =Baserun2!D26 -> 0 | X27: =Baserun3!D26 -> 4 | Y27: =Baserun4!D26 -> 6 | Z27: =Baserun5!D26 -> 9 | AA27: =MIN(V27:Z27) -> 0 | AB27: =AVERAGE(V27:Z27) -> 3.8 | AC27: =MAX(V27:Z27) -> 9 | AE27: 24 | AF27: =AVERAGE(L22:L27) -> 80.5 | AG27: =AVERAGE(M22:M27) -> 91 | AH27: =AVERAGE(N22:N27) -> 69 | AI27: =AVERAGE(O22:O27) -> 79.5 | AJ27: =AVERAGE(P22:P27) -> 71.166667 | AK27: =MIN(AF27:AJ27) -> 69 | AL27: =AVERAGE(AF27:AJ27) -> 78.233333 | AM27: =MAX(AF27:AJ27) -> 91
A28: 25 | B28: =Baserun1!H27 -> 0 | C28: =Baserun2!H27 -> 0 | D28: =Baserun3!H27 -> 4 | E28: =Baserun4!H27 -> 0 | F28: =Baserun5!H27 -> 0 | G28: =MIN(B28:F28) -> 0 | H28: =AVERAGE(B28:F28) -> 0.8 | I28: =MAX(B28:F28) -> 4 | K28: 25 | L28: =100 -> 100 | M28: =100 -> 100 | N28: =Baserun3!$G27 -> 99 | O28: =Baserun4!$G27 -> 53 | P28: =Baserun5!$G27 -> 40 | Q28: =MIN(L28:P28) -> 40 | R28: =AVERAGE(L28:P28) -> 78.4 | S28: =MAX(L28:P28) -> 100 | U28: 25 | V28: =Baserun1!D27 -> 0 | W28: =Baserun2!D27 -> 0 | X28: =Baserun3!D27 -> 8 | Y28: =Baserun4!D27 -> 4 | Z28: =Baserun5!D27 -> 9 | AA28: =MIN(V28:Z28) -> 0 | AB28: =AVERAGE(V28:Z28) -> 4.2 | AC28: =MAX(V28:Z28) -> 9 | AE28: 25 | AF28: =AVERAGE(L23:L28) -> 91.5 | AG28: =AVERAGE(M23:M28) -> 99.666667 | AH28: =AVERAGE(N23:N28) -> 76.333333 | AI28: =AVERAGE(O23:O28) -> 72.666667 | AJ28: =AVERAGE(P23:P28) -> 70.166667 | AK28: =MIN(AF28:AJ28) -> 70.166667 | AL28: =AVERAGE(AF28:AJ28) -> 82.066667 | AM28: =MAX(AF28:AJ28) -> 99.666667
A29: 26 | B29: =Baserun1!H28 -> 0 | C29: =Baserun2!H28 -> 0 | D29: =Baserun3!H28 -> 3 | E29: =Baserun4!H28 -> 0 | F29: =Baserun5!H28 -> 2 | G29: =MIN(B29:F29) -> 0 | H29: =AVERAGE(B29:F29) -> 1 | I29: =MAX(B29:F29) -> 3 | K29: 26 | L29: =100 -> 100 | M29: =100 -> 100 | N29: =Baserun3!$G28 -> 100 | O29: =Baserun4!$G28 -> 38 | P29: =Baserun5!$G28 -> 96 | Q29: =MIN(L29:P29) -> 38 | R29: =AVERAGE(L29:P29) -> 86.8 | S29: =MAX(L29:P29) -> 100 | U29: 26 | V29: =Baserun1!D28 -> 0 | W29: =Baserun2!D28 -> 0 | X29: =Baserun3!D28 -> 9 | Y29: =Baserun4!D28 -> 4 | Z29: =Baserun5!D28 -> 10 | AA29: =MIN(V29:Z29) -> 0 | AB29: =AVERAGE(V29:Z29) -> 4.6 | AC29: =MAX(V29:Z29) -> 10 | AE29: 26 | AF29: =AVERAGE(L24:L29) -> 99.666667 | AG29: =AVERAGE(M24:M29) -> 99.833333 | AH29: =AVERAGE(N24:N29) -> 76.5 | AI29: =AVERAGE(O24:O29) -> 70.166667 | AJ29: =AVERAGE(P24:P29) -> 69.666667 | AK29: =MIN(AF29:AJ29) -> 69.666667 | AL29: =AVERAGE(AF29:AJ29) -> 83.166667 | AM29: =MAX(AF29:AJ29) -> 99.833333
A30: 27 | B30: =Baserun1!H29 -> 0 | C30: =Baserun2!H29 -> 0 | D30: =Baserun3!H29 -> 0 | E30: =Baserun4!H29 -> 1 | F30: =Baserun5!H29 -> 0 | G30: =MIN(B30:F30) -> 0 | H30: =AVERAGE(B30:F30) -> 0.2 | I30: =MAX(B30:F30) -> 1 | K30: 27 | L30: =100 -> 100 | M30: =100 -> 100 | N30: =Baserun3!$G29 -> 56 | O30: =Baserun4!$G29 -> 99 | P30: =Baserun5!$G29 -> 35 | Q30: =MIN(L30:P30) -> 35 | R30: =AVERAGE(L30:P30) -> 78 | S30: =MAX(L30:P30) -> 100 | U30: 27 | V30: =Baserun1!D29 -> 0 | W30: =Baserun2!D29 -> 0 | X30: =Baserun3!D29 -> 9 | Y30: =Baserun4!D29 -> 4 | Z30: =Baserun5!D29 -> 6 | AA30: =MIN(V30:Z30) -> 0 | AB30: =AVERAGE(V30:Z30) -> 3.8 | AC30: =MAX(V30:Z30) -> 9 | AE30: 27 | AF30: =AVERAGE(L25:L30) -> 100 | AG30: =AVERAGE(M25:M30) -> 100 | AH30: =AVERAGE(N25:N30) -> 76 | AI30: =AVERAGE(O25:O30) -> 70.166667 | AJ30: =AVERAGE(P25:P30) -> 59.166667 | AK30: =MIN(AF30:AJ30) -> 59.166667 | AL30: =AVERAGE(AF30:AJ30) -> 81.066667 | AM30: =MAX(AF30:AJ30) -> 100
A31: 28 | B31: =Baserun1!H30 -> 0 | C31: =Baserun2!H30 -> 0 | D31: =Baserun3!H30 -> 0 | E31: =Baserun4!H30 -> 0 | F31: =Baserun5!H30 -> 2 | G31: =MIN(B31:F31) -> 0 | H31: =AVERAGE(B31:F31) -> 0.4 | I31: =MAX(B31:F31) -> 2 | K31: 28 | L31: =100 -> 100 | M31: =100 -> 100 | N31: =Baserun3!$G30 -> 55 | O31: =Baserun4!$G30 -> 53 | P31: =Baserun5!$G30 -> 97 | Q31: =MIN(L31:P31) -> 53 | R31: =AVERAGE(L31:P31) -> 81 | S31: =MAX(L31:P31) -> 100 | U31: 28 | V31: =Baserun1!D30 -> 0 | W31: =Baserun2!D30 -> 0 | X31: =Baserun3!D30 -> 9 | Y31: =Baserun4!D30 -> 2 | Z31: =Baserun5!D30 -> 8 | AA31: =MIN(V31:Z31) -> 0 | AB31: =AVERAGE(V31:Z31) -> 3.8 | AC31: =MAX(V31:Z31) -> 9 | AE31: 28 | AF31: =AVERAGE(L26:L31) -> 100 | AG31: =AVERAGE(M26:M31) -> 100 | AH31: =AVERAGE(N26:N31) -> 74.833333 | AI31: =AVERAGE(O26:O31) -> 62.666667 | AJ31: =AVERAGE(P26:P31) -> 68.666667 | AK31: =MIN(AF31:AJ31) -> 62.666667 | AL31: =AVERAGE(AF31:AJ31) -> 81.233333 | AM31: =MAX(AF31:AJ31) -> 100
A32: 29 | B32: =Baserun1!H31 -> 0 | C32: =Baserun2!H31 -> 0 | D32: =Baserun3!H31 -> 0 | E32: =Baserun4!H31 -> 0 | F32: =Baserun5!H31 -> 2 | G32: =MIN(B32:F32) -> 0 | H32: =AVERAGE(B32:F32) -> 0.4 | I32: =MAX(B32:F32) -> 2 | K32: 29 | L32: =100 -> 100 | M32: =100 -> 100 | N32: =Baserun3!$G31 -> 46 | O32: =Baserun4!$G31 -> 99 | P32: =Baserun5!$G31 -> 98 | Q32: =MIN(L32:P32) -> 46 | R32: =AVERAGE(L32:P32) -> 88.6 | S32: =MAX(L32:P32) -> 100 | U32: 29 | V32: =Baserun1!D31 -> 0 | W32: =Baserun2!D31 -> 0 | X32: =Baserun3!D31 -> 8 | Y32: =Baserun4!D31 -> 2 | Z32: =Baserun5!D31 -> 6 | AA32: =MIN(V32:Z32) -> 0 | AB32: =AVERAGE(V32:Z32) -> 3.2 | AC32: =MAX(V32:Z32) -> 8 | AE32: 29 | AF32: =AVERAGE(L27:L32) -> 100 | AG32: =AVERAGE(M27:M32) -> 100 | AH32: =AVERAGE(N27:N32) -> 66 | AI32: =AVERAGE(O27:O32) -> 73.333333 | AJ32: =AVERAGE(P27:P32) -> 69 | AK32: =MIN(AF32:AJ32) -> 66 | AL32: =AVERAGE(AF32:AJ32) -> 81.666667 | AM32: =MAX(AF32:AJ32) -> 100
A33: 30 | B33: =Baserun1!H32 -> 0 | C33: =Baserun2!H32 -> 0 | D33: =Baserun3!H32 -> 0 | E33: =Baserun4!H32 -> 1 | F33: =Baserun5!H32 -> 0 | G33: =MIN(B33:F33) -> 0 | H33: =AVERAGE(B33:F33) -> 0.2 | I33: =MAX(B33:F33) -> 1 | K33: 30 | L33: =100 -> 100 | M33: =100 -> 100 | N33: =Baserun3!$G32 -> 40 | O33: =Baserun4!$G32 -> 100 | P33: =Baserun5!$G32 -> 31 | Q33: =MIN(L33:P33) -> 31 | R33: =AVERAGE(L33:P33) -> 74.2 | S33: =MAX(L33:P33) -> 100 | U33: 30 | V33: =Baserun1!D32 -> 0 | W33: =Baserun2!D32 -> 0 | X33: =Baserun3!D32 -> 7 | Y33: =Baserun4!D32 -> 2 | Z33: =Baserun5!D32 -> 6 | AA33: =MIN(V33:Z33) -> 0 | AB33: =AVERAGE(V33:Z33) -> 3 | AC33: =MAX(V33:Z33) -> 7 | AE33: 30 | AF33: =AVERAGE(L28:L33) -> 100 | AG33: =AVERAGE(M28:M33) -> 100 | AH33: =AVERAGE(N28:N33) -> 66 | AI33: =AVERAGE(O28:O33) -> 73.666667 | AJ33: =AVERAGE(P28:P33) -> 66.166667 | AK33: =MIN(AF33:AJ33) -> 66 | AL33: =AVERAGE(AF33:AJ33) -> 81.166667 | AM33: =MAX(AF33:AJ33) -> 100
A34: 31 | B34: =Baserun1!H33 -> 0 | C34: =Baserun2!H33 -> 0 | D34: =Baserun3!H33 -> 0 | E34: =Baserun4!H33 -> 0 | F34: =Baserun5!H33 -> 2 | G34: =MIN(B34:F34) -> 0 | H34: =AVERAGE(B34:F34) -> 0.4 | I34: =MAX(B34:F34) -> 2 | K34: 31 | L34: =100 -> 100 | M34: =100 -> 100 | N34: =Baserun3!$G33 -> 97 | O34: =Baserun4!$G33 -> 52 | P34: =Baserun5!$G33 -> 98 | Q34: =MIN(L34:P34) -> 52 | R34: =AVERAGE(L34:P34) -> 89.4 | S34: =MAX(L34:P34) -> 100 | U34: 31 | V34: =Baserun1!D33 -> 0 | W34: =Baserun2!D33 -> 0 | X34: =Baserun3!D33 -> 3 | Y34: =Baserun4!D33 -> 2 | Z34: =Baserun5!D33 -> 8 | AA34: =MIN(V34:Z34) -> 0 | AB34: =AVERAGE(V34:Z34) -> 2.6 | AC34: =MAX(V34:Z34) -> 8 | AE34: 31 | AF34: =AVERAGE(L29:L34) -> 100 | AG34: =AVERAGE(M29:M34) -> 100 | AH34: =AVERAGE(N29:N34) -> 65.666667 | AI34: =AVERAGE(O29:O34) -> 73.5 | AJ34: =AVERAGE(P29:P34) -> 75.833333 | AK34: =MIN(AF34:AJ34) -> 65.666667 | AL34: =AVERAGE(AF34:AJ34) -> 83 | AM34: =MAX(AF34:AJ34) -> 100
A35: 32 | B35: =Baserun1!H34 -> 0 | C35: =Baserun2!H34 -> 0 | D35: =Baserun3!H34 -> 0 | E35: =Baserun4!H34 -> 1 | F35: =Baserun5!H34 -> 0 | G35: =MIN(B35:F35) -> 0 | H35: =AVERAGE(B35:F35) -> 0.2 | I35: =MAX(B35:F35) -> 1 | K35: 32 | L35: =100 -> 100 | M35: =100 -> 100 | N35: =Baserun3!$G34 -> 97 | O35: =Baserun4!$G34 -> 99 | P35: =Baserun5!$G34 -> 29 | Q35: =MIN(L35:P35) -> 29 | R35: =AVERAGE(L35:P35) -> 85 | S35: =MAX(L35:P35) -> 100 | U35: 32 | V35: =Baserun1!D34 -> 0 | W35: =Baserun2!D34 -> 0 | X35: =Baserun3!D34 -> 0 | Y35: =Baserun4!D34 -> 3 | Z35: =Baserun5!D34 -> 6 | AA35: =MIN(V35:Z35) -> 0 | AB35: =AVERAGE(V35:Z35) -> 1.8 | AC35: =MAX(V35:Z35) -> 6 | AE35: 32 | AF35: =AVERAGE(L30:L35) -> 100 | AG35: =AVERAGE(M30:M35) -> 100 | AH35: =AVERAGE(N30:N35) -> 65.166667 | AI35: =AVERAGE(O30:O35) -> 83.666667 | AJ35: =AVERAGE(P30:P35) -> 64.666667 | AK35: =MIN(AF35:AJ35) -> 64.666667 | AL35: =AVERAGE(AF35:AJ35) -> 82.7 | AM35: =MAX(AF35:AJ35) -> 100
A36: 33 | B36: =Baserun1!H35 -> 0 | C36: =Baserun2!H35 -> 0 | D36: =Baserun3!H35 -> 0 | E36: =Baserun4!H35 -> 0 | F36: =Baserun5!H35 -> 0 | G36: =MIN(B36:F36) -> 0 | H36: =AVERAGE(B36:F36) -> 0 | I36: =MAX(B36:F36) -> 0 | K36: 33 | L36: =100 -> 100 | M36: =100 -> 100 | N36: =100 -> 100 | O36: =Baserun4!$G35 -> 99 | P36: =Baserun5!$G35 -> 29 | Q36: =MIN(L36:P36) -> 29 | R36: =AVERAGE(L36:P36) -> 85.6 | S36: =MAX(L36:P36) -> 100 | U36: 33 | V36: =Baserun1!D35 -> 0 | W36: =Baserun2!D35 -> 0 | X36: =Baserun3!D35 -> 0 | Y36: =Baserun4!D35 -> 2 | Z36: =Baserun5!D35 -> 6 | AA36: =MIN(V36:Z36) -> 0 | AB36: =AVERAGE(V36:Z36) -> 1.6 | AC36: =MAX(V36:Z36) -> 6 | AE36: 33 | AF36: =AVERAGE(L31:L36) -> 100 | AG36: =AVERAGE(M31:M36) -> 100 | AH36: =AVERAGE(N31:N36) -> 72.5 | AI36: =AVERAGE(O31:O36) -> 83.666667 | AJ36: =AVERAGE(P31:P36) -> 63.666667 | AK36: =MIN(AF36:AJ36) -> 63.666667 | AL36: =AVERAGE(AF36:AJ36) -> 83.966667 | AM36: =MAX(AF36:AJ36) -> 100
A37: 34 | B37: =Baserun1!H36 -> 0 | C37: =Baserun2!H36 -> 0 | D37: =Baserun3!H36 -> 0 | E37: =Baserun4!H36 -> 0 | F37: =Baserun5!H36 -> 3 | G37: =MIN(B37:F37) -> 0 | H37: =AVERAGE(B37:F37) -> 0.6 | I37: =MAX(B37:F37) -> 3 | K37: 34 | L37: =100 -> 100 | M37: =100 -> 100 | N37: =100 -> 100 | O37: =Baserun4!$G36 -> 50 | P37: =Baserun5!$G36 -> 98 | Q37: =MIN(L37:P37) -> 50 | R37: =AVERAGE(L37:P37) -> 89.6 | S37: =MAX(L37:P37) -> 100 | U37: 34 | V37: =Baserun1!D36 -> 0 | W37: =Baserun2!D36 -> 0 | X37: =Baserun3!D36 -> 0 | Y37: =Baserun4!D36 -> 2 | Z37: =Baserun5!D36 -> 7 | AA37: =MIN(V37:Z37) -> 0 | AB37: =AVERAGE(V37:Z37) -> 1.8 | AC37: =MAX(V37:Z37) -> 7 | AE37: 34 | AF37: =AVERAGE(L32:L37) -> 100 | AG37: =AVERAGE(M32:M37) -> 100 | AH37: =AVERAGE(N32:N37) -> 80 | AI37: =AVERAGE(O32:O37) -> 83.166667 | AJ37: =AVERAGE(P32:P37) -> 63.833333 | AK37: =MIN(AF37:AJ37) -> 63.833333 | AL37: =AVERAGE(AF37:AJ37) -> 85.4 | AM37: =MAX(AF37:AJ37) -> 100
A38: 35 | B38: =Baserun1!H37 -> 0 | C38: =Baserun2!H37 -> 0 | D38: =Baserun3!H37 -> 0 | E38: =Baserun4!H37 -> 0 | F38: =Baserun5!H37 -> 0 | G38: =MIN(B38:F38) -> 0 | H38: =AVERAGE(B38:F38) -> 0 | I38: =MAX(B38:F38) -> 0 | K38: 35 | L38: =100 -> 100 | M38: =100 -> 100 | N38: =100 -> 100 | O38: =Baserun4!$G37 -> 99 | P38: =Baserun5!$G37 -> 30 | Q38: =MIN(L38:P38) -> 30 | R38: =AVERAGE(L38:P38) -> 85.8 | S38: =MAX(L38:P38) -> 100 | U38: 35 | V38: =Baserun1!D37 -> 0 | W38: =Baserun2!D37 -> 0 | X38: =Baserun3!D37 -> 0 | Y38: =Baserun4!D37 -> 2 | Z38: =Baserun5!D37 -> 5 | AA38: =MIN(V38:Z38) -> 0 | AB38: =AVERAGE(V38:Z38) -> 1.4 | AC38: =MAX(V38:Z38) -> 5 | AE38: 35 | AF38: =AVERAGE(L33:L38) -> 100 | AG38: =AVERAGE(M33:M38) -> 100 | AH38: =AVERAGE(N33:N38) -> 89 | AI38: =AVERAGE(O33:O38) -> 83.166667 | AJ38: =AVERAGE(P33:P38) -> 52.5 | AK38: =MIN(AF38:AJ38) -> 52.5 | AL38: =AVERAGE(AF38:AJ38) -> 84.933333 | AM38: =MAX(AF38:AJ38) -> 100
A39: 36 | B39: =Baserun1!H38 -> 0 | C39: =Baserun2!H38 -> 0 | D39: =Baserun3!H38 -> 0 | E39: =Baserun4!H38 -> 1 | F39: =Baserun5!H38 -> 1 | G39: =MIN(B39:F39) -> 0 | H39: =AVERAGE(B39:F39) -> 0.4 | I39: =MAX(B39:F39) -> 1 | K39: 36 | L39: =100 -> 100 | M39: =100 -> 100 | N39: =100 -> 100 | O39: =Baserun4!$G38 -> 55 | P39: =Baserun5!$G38 -> 98 | Q39: =MIN(L39:P39) -> 55 | R39: =AVERAGE(L39:P39) -> 90.6 | S39: =MAX(L39:P39) -> 100 | U39: 36 | V39: =Baserun1!D38 -> 0 | W39: =Baserun2!D38 -> 0 | X39: =Baserun3!D38 -> 0 | Y39: =Baserun4!D38 -> 2 | Z39: =Baserun5!D38 -> 6 | AA39: =MIN(V39:Z39) -> 0 | AB39: =AVERAGE(V39:Z39) -> 1.6 | AC39: =MAX(V39:Z39) -> 6 | AE39: 36 | AF39: =AVERAGE(L34:L39) -> 100 | AG39: =AVERAGE(M34:M39) -> 100 | AH39: =AVERAGE(N34:N39) -> 99 | AI39: =AVERAGE(O34:O39) -> 75.666667 | AJ39: =AVERAGE(P34:P39) -> 63.666667 | AK39: =MIN(AF39:AJ39) -> 63.666667 | AL39: =AVERAGE(AF39:AJ39) -> 87.666667 | AM39: =MAX(AF39:AJ39) -> 100
A40: 37 | B40: =Baserun1!H39 -> 0 | C40: =Baserun2!H39 -> 0 | D40: =Baserun3!H39 -> 0 | E40: =Baserun4!H39 -> 1 | F40: =Baserun5!H39 -> 1 | G40: =MIN(B40:F40) -> 0 | H40: =AVERAGE(B40:F40) -> 0.4 | I40: =MAX(B40:F40) -> 1 | K40: 37 | L40: =100 -> 100 | M40: =100 -> 100 | N40: =100 -> 100 | O40: =Baserun4!$G39 -> 99 | P40: =Baserun5!$G39 -> 99 | Q40: =MIN(L40:P40) -> 99 | R40: =AVERAGE(L40:P40) -> 99.6 | S40: =MAX(L40:P40) -> 100 | U40: 37 | V40: =Baserun1!D39 -> 0 | W40: =Baserun2!D39 -> 0 | X40: =Baserun3!D39 -> 0 | Y40: =Baserun4!D39 -> 3 | Z40: =Baserun5!D39 -> 5 | AA40: =MIN(V40:Z40) -> 0 | AB40: =AVERAGE(V40:Z40) -> 1.6 | AC40: =MAX(V40:Z40) -> 5 | AE40: 37 | AF40: =AVERAGE(L35:L40) -> 100 | AG40: =AVERAGE(M35:M40) -> 100 | AH40: =AVERAGE(N35:N40) -> 99.5 | AI40: =AVERAGE(O35:O40) -> 83.5 | AJ40: =AVERAGE(P35:P40) -> 63.833333 | AK40: =MIN(AF40:AJ40) -> 63.833333 | AL40: =AVERAGE(AF40:AJ40) -> 89.366667 | AM40: =MAX(AF40:AJ40) -> 100
A41: 38 | B41: =Baserun1!H40 -> 0 | C41: =Baserun2!H40 -> 0 | D41: =Baserun3!H40 -> 0 | E41: =Baserun4!H40 -> 1 | F41: =Baserun5!H40 -> 1 | G41: =MIN(B41:F41) -> 0 | H41: =AVERAGE(B41:F41) -> 0.4 | I41: =MAX(B41:F41) -> 1 | K41: 38 | L41: =100 -> 100 | M41: =100 -> 100 | N41: =100 -> 100 | O41: =Baserun4!$G40 -> 100 | P41: =Baserun5!$G40 -> 42 | Q41: =MIN(L41:P41) -> 42 | R41: =AVERAGE(L41:P41) -> 88.4 | S41: =MAX(L41:P41) -> 100 | U41: 38 | V41: =Baserun1!D40 -> 0 | W41: =Baserun2!D40 -> 0 | X41: =Baserun3!D40 -> 0 | Y41: =Baserun4!D40 -> 3 | Z41: =Baserun5!D40 -> 6 | AA41: =MIN(V41:Z41) -> 0 | AB41: =AVERAGE(V41:Z41) -> 1.8 | AC41: =MAX(V41:Z41) -> 6 | AE41: 38 | AF41: =AVERAGE(L36:L41) -> 100 | AG41: =AVERAGE(M36:M41) -> 100 | AH41: =AVERAGE(N36:N41) -> 100 | AI41: =AVERAGE(O36:O41) -> 83.666667 | AJ41: =AVERAGE(P36:P41) -> 66 | AK41: =MIN(AF41:AJ41) -> 66 | AL41: =AVERAGE(AF41:AJ41) -> 89.933333 | AM41: =MAX(AF41:AJ41) -> 100
A42: 39 | B42: =Baserun1!H41 -> 0 | C42: =Baserun2!H41 -> 0 | D42: =Baserun3!H41 -> 0 | E42: =Baserun4!H41 -> 0 | F42: =Baserun5!H41 -> 1 | G42: =MIN(B42:F42) -> 0 | H42: =AVERAGE(B42:F42) -> 0.2 | I42: =MAX(B42:F42) -> 1 | K42: 39 | L42: =100 -> 100 | M42: =100 -> 100 | N42: =100 -> 100 | O42: =Baserun4!$G41 -> 100 | P42: =Baserun5!$G41 -> 97 | Q42: =MIN(L42:P42) -> 97 | R42: =AVERAGE(L42:P42) -> 99.4 | S42: =MAX(L42:P42) -> 100 | U42: 39 | V42: =Baserun1!D41 -> 0 | W42: =Baserun2!D41 -> 0 | X42: =Baserun3!D41 -> 0 | Y42: =Baserun4!D41 -> 3 | Z42: =Baserun5!D41 -> 7 | AA42: =MIN(V42:Z42) -> 0 | AB42: =AVERAGE(V42:Z42) -> 2 | AC42: =MAX(V42:Z42) -> 7 | AE42: 39 | AF42: =AVERAGE(L37:L42) -> 100 | AG42: =AVERAGE(M37:M42) -> 100 | AH42: =AVERAGE(N37:N42) -> 100 | AI42: =AVERAGE(O37:O42) -> 83.833333 | AJ42: =AVERAGE(P37:P42) -> 77.333333 | AK42: =MIN(AF42:AJ42) -> 77.333333 | AL42: =AVERAGE(AF42:AJ42) -> 92.233333 | AM42: =MAX(AF42:AJ42) -> 100
A43: 40 | B43: =Baserun1!H42 -> 0 | C43: =Baserun2!H42 -> 0 | D43: =Baserun3!H42 -> 0 | E43: =Baserun4!H42 -> 0 | F43: =Baserun5!H42 -> 0 | G43: =MIN(B43:F43) -> 0 | H43: =AVERAGE(B43:F43) -> 0 | I43: =MAX(B43:F43) -> 0 | K43: 40 | L43: =100 -> 100 | M43: =100 -> 100 | N43: =100 -> 100 | O43: =Baserun4!$G42 -> 50 | P43: =Baserun5!$G42 -> 45 | Q43: =MIN(L43:P43) -> 45 | R43: =AVERAGE(L43:P43) -> 79 | S43: =MAX(L43:P43) -> 100 | U43: 40 | V43: =Baserun1!D42 -> 0 | W43: =Baserun2!D42 -> 0 | X43: =Baserun3!D42 -> 0 | Y43: =Baserun4!D42 -> 3 | Z43: =Baserun5!D42 -> 4 | AA43: =MIN(V43:Z43) -> 0 | AB43: =AVERAGE(V43:Z43) -> 1.4 | AC43: =MAX(V43:Z43) -> 4 | AE43: 40 | AF43: =AVERAGE(L38:L43) -> 100 | AG43: =AVERAGE(M38:M43) -> 100 | AH43: =AVERAGE(N38:N43) -> 100 | AI43: =AVERAGE(O38:O43) -> 83.833333 | AJ43: =AVERAGE(P38:P43) -> 68.5 | AK43: =MIN(AF43:AJ43) -> 68.5 | AL43: =AVERAGE(AF43:AJ43) -> 90.466667 | AM43: =MAX(AF43:AJ43) -> 100
A44: 41 | B44: =Baserun1!H43 -> 0 | C44: =Baserun2!H43 -> 0 | D44: =Baserun3!H43 -> 0 | E44: =Baserun4!H43 -> 0 | F44: =Baserun5!H43 -> 0 | G44: =MIN(B44:F44) -> 0 | H44: =AVERAGE(B44:F44) -> 0 | I44: =MAX(B44:F44) -> 0 | K44: 41 | L44: =100 -> 100 | M44: =100 -> 100 | N44: =100 -> 100 | O44: =Baserun4!$G43 -> 51 | P44: =Baserun5!$G43 -> 43 | Q44: =MIN(L44:P44) -> 43 | R44: =AVERAGE(L44:P44) -> 78.8 | S44: =MAX(L44:P44) -> 100 | U44: 41 | V44: =Baserun1!D43 -> 0 | W44: =Baserun2!D43 -> 0 | X44: =Baserun3!D43 -> 0 | Y44: =Baserun4!D43 -> 3 | Z44: =Baserun5!D43 -> 4 | AA44: =MIN(V44:Z44) -> 0 | AB44: =AVERAGE(V44:Z44) -> 1.4 | AC44: =MAX(V44:Z44) -> 4 | AE44: 41 | AF44: =AVERAGE(L39:L44) -> 100 | AG44: =AVERAGE(M39:M44) -> 100 | AH44: =AVERAGE(N39:N44) -> 100 | AI44: =AVERAGE(O39:O44) -> 75.833333 | AJ44: =AVERAGE(P39:P44) -> 70.666667 | AK44: =MIN(AF44:AJ44) -> 70.666667 | AL44: =AVERAGE(AF44:AJ44) -> 89.3 | AM44: =MAX(AF44:AJ44) -> 100
A45: 42 | B45: =Baserun1!H44 -> 0 | C45: =Baserun2!H44 -> 0 | D45: =Baserun3!H44 -> 0 | E45: =Baserun4!H44 -> 0 | F45: =Baserun5!H44 -> 0 | G45: =MIN(B45:F45) -> 0 | H45: =AVERAGE(B45:F45) -> 0 | I45: =MAX(B45:F45) -> 0 | K45: 42 | L45: =100 -> 100 | M45: =100 -> 100 | N45: =100 -> 100 | O45: =Baserun4!$G44 -> 50 | P45: =Baserun5!$G44 -> 48 | Q45: =MIN(L45:P45) -> 48 | R45: =AVERAGE(L45:P45) -> 79.6 | S45: =MAX(L45:P45) -> 100 | U45: 42 | V45: =Baserun1!D44 -> 0 | W45: =Baserun2!D44 -> 0 | X45: =Baserun3!D44 -> 0 | Y45: =Baserun4!D44 -> 2 | Z45: =Baserun5!D44 -> 3 | AA45: =MIN(V45:Z45) -> 0 | AB45: =AVERAGE(V45:Z45) -> 1 | AC45: =MAX(V45:Z45) -> 3 | AE45: 42 | AF45: =AVERAGE(L40:L45) -> 100 | AG45: =AVERAGE(M40:M45) -> 100 | AH45: =AVERAGE(N40:N45) -> 100 | AI45: =AVERAGE(O40:O45) -> 75 | AJ45: =AVERAGE(P40:P45) -> 62.333333 | AK45: =MIN(AF45:AJ45) -> 62.333333 | AL45: =AVERAGE(AF45:AJ45) -> 87.466667 | AM45: =MAX(AF45:AJ45) -> 100
A46: 43 | B46: =Baserun1!H45 -> 0 | C46: =Baserun2!H45 -> 0 | D46: =Baserun3!H45 -> 0 | E46: =Baserun4!H45 -> 0 | F46: =Baserun5!H45 -> 0 | G46: =MIN(B46:F46) -> 0 | H46: =AVERAGE(B46:F46) -> 0 | I46: =MAX(B46:F46) -> 0 | K46: 43 | L46: =100 -> 100 | M46: =100 -> 100 | N46: =100 -> 100 | O46: =Baserun4!$G45 -> 100 | P46: =Baserun5!$G45 -> 49 | Q46: =MIN(L46:P46) -> 49 | R46: =AVERAGE(L46:P46) -> 89.8 | S46: =MAX(L46:P46) -> 100 | U46: 43 | V46: =Baserun1!D45 -> 0 | W46: =Baserun2!D45 -> 0 | X46: =Baserun3!D45 -> 0 | Y46: =Baserun4!D45 -> 1 | Z46: =Baserun5!D45 -> 2 | AA46: =MIN(V46:Z46) -> 0 | AB46: =AVERAGE(V46:Z46) -> 0.6 | AC46: =MAX(V46:Z46) -> 2 | AE46: 43 | AF46: =AVERAGE(L41:L46) -> 100 | AG46: =AVERAGE(M41:M46) -> 100 | AH46: =AVERAGE(N41:N46) -> 100 | AI46: =AVERAGE(O41:O46) -> 75.166667 | AJ46: =AVERAGE(P41:P46) -> 54 | AK46: =MIN(AF46:AJ46) -> 54 | AL46: =AVERAGE(AF46:AJ46) -> 85.833333 | AM46: =MAX(AF46:AJ46) -> 100
A47: 44 | B47: =Baserun1!H46 -> 0 | C47: =Baserun2!H46 -> 0 | D47: =Baserun3!H46 -> 0 | E47: =Baserun4!H46 -> 0 | F47: =Baserun5!H46 -> 0 | G47: =MIN(B47:F47) -> 0 | H47: =AVERAGE(B47:F47) -> 0 | I47: =MAX(B47:F47) -> 0 | K47: 44 | L47: =100 -> 100 | M47: =100 -> 100 | N47: =100 -> 100 | O47: =Baserun4!$G46 -> 100 | P47: =Baserun5!$G46 -> 98 | Q47: =MIN(L47:P47) -> 98 | R47: =AVERAGE(L47:P47) -> 99.6 | S47: =MAX(L47:P47) -> 100 | U47: 44 | V47: =Baserun1!D46 -> 0 | W47: =Baserun2!D46 -> 0 | X47: =Baserun3!D46 -> 0 | Y47: =Baserun4!D46 -> 0 | Z47: =Baserun5!D46 -> 1 | AA47: =MIN(V47:Z47) -> 0 | AB47: =AVERAGE(V47:Z47) -> 0.2 | AC47: =MAX(V47:Z47) -> 1 | AE47: 44 | AF47: =AVERAGE(L42:L47) -> 100 | AG47: =AVERAGE(M42:M47) -> 100 | AH47: =AVERAGE(N42:N47) -> 100 | AI47: =AVERAGE(O42:O47) -> 75.166667 | AJ47: =AVERAGE(P42:P47) -> 63.333333 | AK47: =MIN(AF47:AJ47) -> 63.333333 | AL47: =AVERAGE(AF47:AJ47) -> 87.7 | AM47: =MAX(AF47:AJ47) -> 100
A48: 45 | B48: =Baserun1!H47 -> 0 | C48: =Baserun2!H47 -> 0 | D48: =Baserun3!H47 -> 0 | E48: =Baserun4!H47 -> 0 | F48: =Baserun5!H47 -> 0 | G48: =MIN(B48:F48) -> 0 | H48: =AVERAGE(B48:F48) -> 0 | I48: =MAX(B48:F48) -> 0 | K48: 45 | L48: =100 -> 100 | M48: =100 -> 100 | N48: =100 -> 100 | O48: =100 -> 100 | P48: =Baserun5!$G47 -> 99 | Q48: =MIN(L48:P48) -> 99 | R48: =AVERAGE(L48:P48) -> 99.8 | S48: =MAX(L48:P48) -> 100 | U48: 45 | V48: =Baserun1!D47 -> 0 | W48: =Baserun2!D47 -> 0 | X48: =Baserun3!D47 -> 0 | Y48: =Baserun4!D47 -> 0 | Z48: =Baserun5!D47 -> 0 | AA48: =MIN(V48:Z48) -> 0 | AB48: =AVERAGE(V48:Z48) -> 0 | AC48: =MAX(V48:Z48) -> 0 | AE48: 45 | AF48: =AVERAGE(L43:L48) -> 100 | AG48: =AVERAGE(M43:M48) -> 100 | AH48: =AVERAGE(N43:N48) -> 100 | AI48: =AVERAGE(O43:O48) -> 75.166667 | AJ48: =AVERAGE(P43:P48) -> 63.666667 | AK48: =MIN(AF48:AJ48) -> 63.666667 | AL48: =AVERAGE(AF48:AJ48) -> 87.766667 | AM48: =MAX(AF48:AJ48) -> 100
A49: 46 | B49: =Baserun1!H48 -> 0 | C49: =Baserun2!H48 -> 0 | D49: =Baserun3!H48 -> 0 | E49: =Baserun4!H48 -> 0 | F49: =Baserun5!H48 -> 0 | G49: =MIN(B49:F49) -> 0 | H49: =AVERAGE(B49:F49) -> 0 | I49: =MAX(B49:F49) -> 0 | K49: 46 | L49: =100 -> 100 | M49: =100 -> 100 | N49: =100 -> 100 | O49: =100 -> 100 | P49: =100 -> 100 | Q49: =MIN(L49:P49) -> 100 | R49: =AVERAGE(L49:P49) -> 100 | S49: =MAX(L49:P49) -> 100 | U49: 46 | V49: =Baserun1!D48 -> 0 | W49: =Baserun2!D48 -> 0 | X49: =Baserun3!D48 -> 0 | Y49: =Baserun4!D48 -> 0 | Z49: =Baserun5!D48 -> 0 | AA49: =MIN(V49:Z49) -> 0 | AB49: =AVERAGE(V49:Z49) -> 0 | AC49: =MAX(V49:Z49) -> 0 | AE49: 46 | AF49: =AVERAGE(L44:L49) -> 100 | AG49: =AVERAGE(M44:M49) -> 100 | AH49: =AVERAGE(N44:N49) -> 100 | AI49: =AVERAGE(O44:O49) -> 83.5 | AJ49: =AVERAGE(P44:P49) -> 72.833333 | AK49: =MIN(AF49:AJ49) -> 72.833333 | AL49: =AVERAGE(AF49:AJ49) -> 91.266667 | AM49: =MAX(AF49:AJ49) -> 100
A50: 47 | B50: =Baserun1!H49 -> 0 | C50: =Baserun2!H49 -> 0 | D50: =Baserun3!H49 -> 0 | E50: =Baserun4!H49 -> 0 | F50: =Baserun5!H49 -> 0 | G50: =MIN(B50:F50) -> 0 | H50: =AVERAGE(B50:F50) -> 0 | I50: =MAX(B50:F50) -> 0 | K50: 47 | L50: =100 -> 100 | M50: =100 -> 100 | N50: =100 -> 100 | O50: =100 -> 100 | P50: =100 -> 100 | Q50: =MIN(L50:P50) -> 100 | R50: =AVERAGE(L50:P50) -> 100 | S50: =MAX(L50:P50) -> 100 | U50: 47 | V50: =Baserun1!D49 -> 0 | W50: =Baserun2!D49 -> 0 | X50: =Baserun3!D49 -> 0 | Y50: =Baserun4!D49 -> 0 | Z50: =Baserun5!D49 -> 0 | AA50: =MIN(V50:Z50) -> 0 | AB50: =AVERAGE(V50:Z50) -> 0 | AC50: =MAX(V50:Z50) -> 0 | AE50: 47 | AF50: =AVERAGE(L45:L50) -> 100 | AG50: =AVERAGE(M45:M50) -> 100 | AH50: =AVERAGE(N45:N50) -> 100 | AI50: =AVERAGE(O45:O50) -> 91.666667 | AJ50: =AVERAGE(P45:P50) -> 82.333333 | AK50: =MIN(AF50:AJ50) -> 82.333333 | AL50: =AVERAGE(AF50:AJ50) -> 94.8 | AM50: =MAX(AF50:AJ50) -> 100
A51: 48 | B51: =Baserun1!H50 -> 0 | C51: =Baserun2!H50 -> 0 | D51: =Baserun3!H50 -> 0 | E51: =Baserun4!H50 -> 0 | F51: =Baserun5!H50 -> 0 | G51: =MIN(B51:F51) -> 0 | H51: =AVERAGE(B51:F51) -> 0 | I51: =MAX(B51:F51) -> 0 | K51: 48 | L51: =100 -> 100 | M51: =100 -> 100 | N51: =100 -> 100 | O51: =100 -> 100 | P51: =100 -> 100 | Q51: =MIN(L51:P51) -> 100 | R51: =AVERAGE(L51:P51) -> 100 | S51: =MAX(L51:P51) -> 100 | U51: 48 | V51: =Baserun1!D50 -> 0 | W51: =Baserun2!D50 -> 0 | X51: =Baserun3!D50 -> 0 | Y51: =Baserun4!D50 -> 0 | Z51: =Baserun5!D50 -> 0 | AA51: =MIN(V51:Z51) -> 0 | AB51: =AVERAGE(V51:Z51) -> 0 | AC51: =MAX(V51:Z51) -> 0 | AE51: 48 | AF51: =AVERAGE(L46:L51) -> 100 | AG51: =AVERAGE(M46:M51) -> 100 | AH51: =AVERAGE(N46:N51) -> 100 | AI51: =AVERAGE(O46:O51) -> 100 | AJ51: =AVERAGE(P46:P51) -> 91 | AK51: =MIN(AF51:AJ51) -> 91 | AL51: =AVERAGE(AF51:AJ51) -> 98.2 | AM51: =MAX(AF51:AJ51) -> 100
A52: 49 | B52: =Baserun1!H51 -> 0 | C52: =Baserun2!H51 -> 0 | D52: =Baserun3!H51 -> 0 | E52: =Baserun4!H51 -> 0 | F52: =Baserun5!H51 -> 0 | G52: =MIN(B52:F52) -> 0 | H52: =AVERAGE(B52:F52) -> 0 | I52: =MAX(B52:F52) -> 0 | K52: 49 | L52: =100 -> 100 | M52: =100 -> 100 | N52: =100 -> 100 | O52: =100 -> 100 | P52: =100 -> 100 | Q52: =MIN(L52:P52) -> 100 | R52: =AVERAGE(L52:P52) -> 100 | S52: =MAX(L52:P52) -> 100 | U52: 49 | V52: =Baserun1!D51 -> 0 | W52: =Baserun2!D51 -> 0 | X52: =Baserun3!D51 -> 0 | Y52: =Baserun4!D51 -> 0 | Z52: =Baserun5!D51 -> 0 | AA52: =MIN(V52:Z52) -> 0 | AB52: =AVERAGE(V52:Z52) -> 0 | AC52: =MAX(V52:Z52) -> 0 | AE52: 49 | AF52: =AVERAGE(L47:L52) -> 100 | AG52: =AVERAGE(M47:M52) -> 100 | AH52: =AVERAGE(N47:N52) -> 100 | AI52: =AVERAGE(O47:O52) -> 100 | AJ52: =AVERAGE(P47:P52) -> 99.5 | AK52: =MIN(AF52:AJ52) -> 99.5 | AL52: =AVERAGE(AF52:AJ52) -> 99.9 | AM52: =MAX(AF52:AJ52) -> 100
A53: Sum | B53: =SUM(B3:B52) -> 71 | C53: =SUM(C3:C52) -> 60 | D53: =SUM(D3:D52) -> 51 | E53: =SUM(E3:E52) -> 73 | F53: =SUM(F3:F52) -> 71 | G53: =SUM(G3:G52) -> 19 | H53: =SUM(H3:H52) -> 65.2 | I53: =SUM(I3:I52) -> 137 | K53: Sum | L53: =SUM(L3:L52) -> 4106 | M53: =SUM(M3:M52) -> 4073 | N53: =SUM(N3:N52) -> 3653 | O53: =SUM(O3:O52) -> 3410 | P53: =SUM(P3:P52) -> 3177 | Q53: =SUM(Q3:Q52) -> 2545 | R53: =AVERAGE(L53:P53) -> 3683.8 | S53: =MAX(L53:P53) -> 4106 | U53: Sum | V53: =SUM(V3:V52) -> 426 | W53: =SUM(W3:W52) -> 360 | X53: =SUM(X3:X52) -> 306 | Y53: =SUM(Y3:Y52) -> 438 | Z53: =SUM(Z3:Z52) -> 426 | AA53: =SUM(AA3:AA52) -> 204 | AB53: =SUM(AB3:AB52) -> 391.2 | AC53: =SUM(AC3:AC52) -> 646 | AE53: Sum | AF53: =SUM(AF3:AF52) -> 4103.9667 | AG53: =SUM(AG3:AG52) -> 4070.7833 | AH53: =SUM(AH3:AH52) -> 3650.8167 | AI53: =SUM(AI3:AI52) -> 3407.7833 | AJ53: =SUM(AJ3:AJ52) -> 3173.8167 | AK53: =SUM(AK3:AK52) -> 3036.4833 | AL53: =AVERAGE(AF53:AJ53) -> 3681.4333 | AM53: =MAX(AF53:AJ53) -> 4103.9667
A55: Average per ts | B55: =AVERAGE(B3:B25) -> 3.0869565 | C55: =AVERAGE(C3:C24) -> 2.7272727 | D55: =AVERAGE(D3:D35) -> 1.5454545 | E55: =AVERAGE(E3:E47) -> 1.6222222 | F55: =AVERAGE(F3:F48) -> 1.5434783 | G55: =MIN(B55:F55) -> 1.5434783 | H55: =AVERAGE(B55:G55) -> 2.0114771 | I55: =MAX(B55:G55) -> 3.0869565 | K55: Average per ts | L55: =AVERAGE(L3:L25) -> 61.130435 | M55: =AVERAGE(M3:M24) -> 57.863636 | N55: =AVERAGE(N3:N35) -> 59.181818 | O55: =AVERAGE(O3:O47) -> 64.666667 | P55: =AVERAGE(P3:P48) -> 60.369565 | Q55: =MIN(L55:P55) -> 57.863636 | R55: =AVERAGE(L55:Q55) -> 60.179293 | S55: =MAX(L55:Q55) -> 64.666667 | U55: Average per ts | V55: =AVERAGE(V3:V25) -> 18.521739 | W55: =AVERAGE(W3:W24) -> 16.363636 | X55: =AVERAGE(X3:X35) -> 9.2727273 | Y55: =AVERAGE(Y3:Y47) -> 9.7333333 | Z55: =AVERAGE(Z3:Z48) -> 9.2608696 | AA55: =MIN(V55:Z55) -> 9.2608696 | AB55: =AVERAGE(V55:AA55) -> 12.068863 | AC55: =MAX(V55:AA55) -> 18.521739 | AE55: Average per ts | AF55: =AVERAGE(AF3:AF25) -> 63.592754 | AG55: =AVERAGE(AG3:AG24) -> 59.035606 | AH55: =AVERAGE(AH3:AH35) -> 60.933838 | AI55: =AVERAGE(AI3:AI47) -> 65.721111 | AJ55: =AVERAGE(AJ3:AJ48) -> 61.481522 | AK55: =MIN(AF55:AJ55) -> 59.035606 | AL55: =AVERAGE(AF55:AK55) -> 61.633406 | AM55: =MAX(AF55:AK55) -> 65.721111

Sheet Aware_Full
B1: New Infection | L1: Mobility | V1: Infected | AF1: Mobility Day 6 Average
A2: Time | B2: NI_Aware1 | C2: NI_Aware2 | D2: NI_Aware3 | E2: NI_Aware4 | F2: NI_Aware5 | G2: NI_Min | H2: NI_Mean | I2: NI_Max | K2: Time | L2: Mob_Aware1 | M2: Mob_Aware2 | N2: Mob_Aware3 | O2: Mob_Aware4 | P2: Mob_Aware5 | Q2: Mob_Min | R2: Mob_Mean | S2: Mob_Max | U2: Time | V2: I_Aware1 | W2: I_Aware2 | X2: I_Aware3 | Y2: I_Aware4 | Z2: I_Aware5 | AA2: I_Min | AB2: I_Mean | AC2: I_Max | AE2: Time | AF2: Mob6_Aware1 | AG2: Mob6_Aware2 | AH2: Mob6_Aware3 | AI2: Mob6_Aware4 | AJ2: Mob6_Aware5 | AK2: Mob6_Min | AL2: Mob6_Mean | AM2: Mob6_Max
A3: 0 | B3: =Aware1!H2 -> 2 | C3: =Aware2!H2 -> 2 | D3: =Aware3!H2 -> 2 | E3: =Aware4!H2 -> 2 | F3: =Aware5!H2 -> 2 | G3: =MIN(B3:F3) -> 2 | H3: =AVERAGE(B3:F3) -> 2 | I3: =MAX(B3:F3) -> 2 | K3: 0 | L3: =Aware1!$G2 -> 100 | M3: =Aware2!$G2 -> 100 | N3: =Aware3!$G2 -> 100 | O3: =Aware4!$G2 -> 100 | P3: =Aware5!$G2 -> 100 | Q3: =MIN(L3:P3) -> 100 | R3: =AVERAGE(L3:P3) -> 100 | S3: =MAX(L3:P3) -> 100 | U3: 0 | V3: =Aware1!$D2 -> 2 | W3: =Aware2!$D2 -> 2 | X3: =Aware3!$D2 -> 2 | Y3: =Aware4!$D2 -> 2 | Z3: =Aware5!$D2 -> 2 | AA3: =MIN(V3:Z3) -> 2 | AB3: =AVERAGE(V3:Z3) -> 2 | AC3: =MAX(V3:Z3) -> 2 | AE3: 0 | AF3: =L3 -> 100 | AG3: =M3 -> 100 | AH3: =N3 -> 100 | AI3: =O3 -> 100 | AJ3: =P3 -> 100 | AK3: =MIN(AF3:AJ3) -> 100 | AL3: =AVERAGE(AF3:AJ3) -> 100 | AM3: =MAX(AF3:AJ3) -> 100
A4: 1 | B4: =Aware1!H3 -> 3 | C4: =Aware2!H3 -> 0 | D4: =Aware3!H3 -> 0 | E4: =Aware4!H3 -> 2 | F4: =Aware5!H3 -> 2 | G4: =MIN(B4:F4) -> 0 | H4: =AVERAGE(B4:F4) -> 1.4 | I4: =MAX(B4:F4) -> 3 | K4: 1 | L4: =Aware1!$G3 -> 100 | M4: =Aware2!$G3 -> 100 | N4: =Aware3!$G3 -> 100 | O4: =Aware4!$G3 -> 100 | P4: =Aware5!$G3 -> 100 | Q4: =MIN(L4:P4) -> 100 | R4: =AVERAGE(L4:P4) -> 100 | S4: =MAX(L4:P4) -> 100 | U4: 1 | V4: =Aware1!$D3 -> 5 | W4: =Aware2!$D3 -> 2 | X4: =Aware3!$D3 -> 2 | Y4: =Aware4!$D3 -> 4 | Z4: =Aware5!$D3 -> 4 | AA4: =MIN(V4:Z4) -> 2 | AB4: =AVERAGE(V4:Z4) -> 3.4 | AC4: =MAX(V4:Z4) -> 5 | AE4: 1 | AF4: =AVERAGE(L3:L4) -> 100 | AG4: =AVERAGE(M3:M4) -> 100 | AH4: =AVERAGE(N3:N4) -> 100 | AI4: =AVERAGE(O3:O4) -> 100 | AJ4: =AVERAGE(P3:P4) -> 100 | AK4: =MIN(AF4:AJ4) -> 100 | AL4: =AVERAGE(AF4:AJ4) -> 100 | AM4: =MAX(AF4:AJ4) -> 100
A5: 2 | B5: =Aware1!H4 -> 2 | C5: =Aware2!H4 -> 0 | D5: =Aware3!H4 -> 1 | E5: =Aware4!H4 -> 4 | F5: =Aware5!H4 -> 5 | G5: =MIN(B5:F5) -> 0 | H5: =AVERAGE(B5:F5) -> 2.4 | I5: =MAX(B5:F5) -> 5 | K5: 2 | L5: =Aware1!$G4 -> 100 | M5: =Aware2!$G4 -> 100 | N5: =Aware3!$G4 -> 100 | O5: =Aware4!$G4 -> 100 | P5: =Aware5!$G4 -> 100 | Q5: =MIN(L5:P5) -> 100 | R5: =AVERAGE(L5:P5) -> 100 | S5: =MAX(L5:P5) -> 100 | U5: 2 | V5: =Aware1!$D4 -> 7 | W5: =Aware2!$D4 -> 2 | X5: =Aware3!$D4 -> 3 | Y5: =Aware4!$D4 -> 8 | Z5: =Aware5!$D4 -> 9 | AA5: =MIN(V5:Z5) -> 2 | AB5: =AVERAGE(V5:Z5) -> 5.8 | AC5: =MAX(V5:Z5) -> 9 | AE5: 2 | AF5: =AVERAGE(L3:L5) -> 100 | AG5: =AVERAGE(M3:M5) -> 100 | AH5: =AVERAGE(N3:N5) -> 100 | AI5: =AVERAGE(O3:O5) -> 100 | AJ5: =AVERAGE(P3:P5) -> 100 | AK5: =MIN(AF5:AJ5) -> 100 | AL5: =AVERAGE(AF5:AJ5) -> 100 | AM5: =MAX(AF5:AJ5) -> 100
A6: 3 | B6: =Aware1!H5 -> 7 | C6: =Aware2!H5 -> 1 | D6: =Aware3!H5 -> 2 | E6: =Aware4!H5 -> 3 | F6: =Aware5!H5 -> 8 | G6: =MIN(B6:F6) -> 1 | H6: =AVERAGE(B6:F6) -> 4.2 | I6: =MAX(B6:F6) -> 8 | K6: 3 | L6: =Aware1!$G5 -> 100 | M6: =Aware2!$G5 -> 99 | N6: =Aware3!$G5 -> 99 | O6: =Aware4!$G5 -> 99 | P6: =Aware5!$G5 -> 100 | Q6: =MIN(L6:P6) -> 99 | R6: =AVERAGE(L6:P6) -> 99.4 | S6: =MAX(L6:P6) -> 100 | U6: 3 | V6: =Aware1!$D5 -> 14 | W6: =Aware2!$D5 -> 3 | X6: =Aware3!$D5 -> 5 | Y6: =Aware4!$D5 -> 11 | Z6: =Aware5!$D5 -> 17 | AA6: =MIN(V6:Z6) -> 3 | AB6: =AVERAGE(V6:Z6) -> 10 | AC6: =MAX(V6:Z6) -> 17 | AE6: 3 | AF6: =AVERAGE(L3:L6) -> 100 | AG6: =AVERAGE(M3:M6) -> 99.75 | AH6: =AVERAGE(N3:N6) -> 99.75 | AI6: =AVERAGE(O3:O6) -> 99.75 | AJ6: =AVERAGE(P3:P6) -> 100 | AK6: =MIN(AF6:AJ6) -> 99.75 | AL6: =AVERAGE(AF6:AJ6) -> 99.85 | AM6: =MAX(AF6:AJ6) -> 100
A7: 4 | B7: =Aware1!H6 -> 3 | C7: =Aware2!H6 -> 0 | D7: =Aware3!H6 -> 0 | E7: =Aware4!H6 -> 1 | F7: =Aware5!H6 -> 1 | G7: =MIN(B7:F7) -> 0 | H7: =AVERAGE(B7:F7) -> 1 | I7: =MAX(B7:F7) -> 3 | K7: 4 | L7: =Aware1!$G6 -> 34 | M7: =Aware2!$G6 -> 27 | N7: =Aware3!$G6 -> 28 | O7: =Aware4!$G6 -> 32 | P7: =Aware5!$G6 -> 34 | Q7: =MIN(L7:P7) -> 27 | R7: =AVERAGE(L7:P7) -> 31 | S7: =MAX(L7:P7) -> 34 | U7: 4 | V7: =Aware1!$D6 -> 17 | W7: =Aware2!$D6 -> 3 | X7: =Aware3!$D6 -> 5 | Y7: =Aware4!$D6 -> 12 | Z7: =Aware5!$D6 -> 18 | AA7: =MIN(V7:Z7) -> 3 | AB7: =AVERAGE(V7:Z7) -> 11 | AC7: =MAX(V7:Z7) -> 18 | AE7: 4 | AF7: =AVERAGE(L3:L7) -> 86.8 | AG7: =AVERAGE(M3:M7) -> 85.2 | AH7: =AVERAGE(N3:N7) -> 85.4 | AI7: =AVERAGE(O3:O7) -> 86.2 | AJ7: =AVERAGE(P3:P7) -> 86.8 | AK7: =MIN(AF7:AJ7) -> 85.2 | AL7: =AVERAGE(AF7:AJ7) -> 86.08 | AM7: =MAX(AF7:AJ7) -> 86.8
A8: 5 | B8: =Aware1!H7 -> 0 | C8: =Aware2!H7 -> 1 | D8: =Aware3!H7 -> 1 | E8: =Aware4!H7 -> 3 | F8: =Aware5!H7 -> 9 | G8: =MIN(B8:F8) -> 0 | H8: =AVERAGE(B8:F8) -> 2.8 | I8: =MAX(B8:F8) -> 9 | K8: 5 | L8: =Aware1!$G7 -> 33 | M8: =Aware2!$G7 -> 98 | N8: =Aware3!$G7 -> 98 | O8: =Aware4!$G7 -> 28 | P8: =Aware5!$G7 -> 34 | Q8: =MIN(L8:P8) -> 28 | R8: =AVERAGE(L8:P8) -> 58.2 | S8: =MAX(L8:P8) -> 98 | U8: 5 | V8: =Aware1!$D7 -> 17 | W8: =Aware2!$D7 -> 4 | X8: =Aware3!$D7 -> 6 | Y8: =Aware4!$D7 -> 15 | Z8: =Aware5!$D7 -> 27 | AA8: =MIN(V8:Z8) -> 4 | AB8: =AVERAGE(V8:Z8) -> 13.8 | AC8: =MAX(V8:Z8) -> 27 | AE8: 5 | AF8: =AVERAGE(L3:L8) -> 77.833333 | AG8: =AVERAGE(M3:M8) -> 87.333333 | AH8: =AVERAGE(N3:N8) -> 87.5 | AI8: =AVERAGE(O3:O8) -> 76.5 | AJ8: =AVERAGE(P3:P8) -> 78 | AK8: =MIN(AF8:AJ8) -> 76.5 | AL8: =AVERAGE(AF8:AJ8) -> 81.433333 | AM8: =MAX(AF8:AJ8) -> 87.5
A9: 6 | B9: =Aware1!H8 -> 3 | C9: =Aware2!H8 -> 3 | D9: =Aware3!H8 -> 1 | E9: =Aware4!H8 -> 1 | F9: =Aware5!H8 -> 5 | G9: =MIN(B9:F9) -> 1 | H9: =AVERAGE(B9:F9) -> 2.6 | I9: =MAX(B9:F9) -> 5 | K9: 6 | L9: =Aware1!$G8 -> 33 | M9: =Aware2!$G8 -> 99 | N9: =Aware3!$G8 -> 50 | O9: =Aware4!$G8 -> 28 | P9: =Aware5!$G8 -> 20 | Q9: =MIN(L9:P9) -> 20 | R9: =AVERAGE(L9:P9) -> 46 | S9: =MAX(L9:P9) -> 99 | U9: 6 | V9: =Aware1!$D8 -> 18 | W9: =Aware2!$D8 -> 5 | X9: =Aware3!$D8 -> 5 | Y9: =Aware4!$D8 -> 14 | Z9: =Aware5!$D8 -> 30 | AA9: =MIN(V9:Z9) -> 5 | AB9: =AVERAGE(V9:Z9) -> 14.4 | AC9: =MAX(V9:Z9) -> 30 | AE9: 6 | AF9: =AVERAGE(L4:L9) -> 66.666667 | AG9: =AVERAGE(M4:M9) -> 87.166667 | AH9: =AVERAGE(N4:N9) -> 79.166667 | AI9: =AVERAGE(O4:O9) -> 64.5 | AJ9: =AVERAGE(P4:P9) -> 64.666667 | AK9: =MIN(AF9:AJ9) -> 64.5 | AL9: =AVERAGE(AF9:AJ9) -> 72.433333 | AM9: =MAX(AF9:AJ9) -> 87.166667
A10: 7 | B10: =Aware1!H9 -> 4 | C10: =Aware2!H9 -> 2 | D10: =Aware3!H9 -> 2 | E10: =Aware4!H9 -> 4 | F10: =Aware5!H9 -> 4 | G10: =MIN(B10:F10) -> 2 | H10: =AVERAGE(B10:F10) -> 3.2 | I10: =MAX(B10:F10) -> 4 | K10: 7 | L10: =Aware1!$G9 -> 25 | M10: =Aware2!$G9 -> 61 | N10: =Aware3!$G9 -> 30 | O10: =Aware4!$G9 -> 33 | P10: =Aware5!$G9 -> 20 | Q10: =MIN(L10:P10) -> 20 | R10: =AVERAGE(L10:P10) -> 33.8 | S10: =MAX(L10:P10) -> 61 | U10: 7 | V10: =Aware1!$D9 -> 19 | W10: =Aware2!$D9 -> 7 | X10: =Aware3!$D9 -> 7 | Y10: =Aware4!$D9 -> 16 | Z10: =Aware5!$D9 -> 32 | AA10: =MIN(V10:Z10) -> 7 | AB10: =AVERAGE(V10:Z10) -> 16.2 | AC10: =MAX(V10:Z10) -> 32 | AE10: 7 | AF10: =AVERAGE(L5:L10) -> 54.166667 | AG10: =AVERAGE(M5:M10) -> 80.666667 | AH10: =AVERAGE(N5:N10) -> 67.5 | AI10: =AVERAGE(O5:O10) -> 53.333333 | AJ10: =AVERAGE(P5:P10) -> 51.333333 | AK10: =MIN(AF10:AJ10) -> 51.333333 | AL10: =AVERAGE(AF10:AJ10) -> 61.4 | AM10: =MAX(AF10:AJ10) -> 80.666667
A11: 8 | B11: =Aware1!H10 -> 5 | C11: =Aware2!H10 -> 5 | D11: =Aware3!H10 -> 8 | E11: =Aware4!H10 -> 2 | F11: =Aware5!H10 -> 10 | G11: =MIN(B11:F11) -> 2 | H11: =AVERAGE(B11:F11) -> 6 | I11: =MAX(B11:F11) -> 10 | K11: 8 | L11: =Aware1!$G10 -> 32 | M11: =Aware2!$G10 -> 99 | N11: =Aware3!$G10 -> 98 | O11: =Aware4!$G10 -> 52 | P11: =Aware5!$G10 -> 47 | Q11: =MIN(L11:P11) -> 32 | R11: =AVERAGE(L11:P11) -> 65.6 | S11: =MAX(L11:P11) -> 99 | U11: 8 | V11: =Aware1!$D10 -> 22 | W11: =Aware2!$D10 -> 12 | X11: =Aware3!$D10 -> 14 | Y11: =Aware4!$D10 -> 14 | Z11: =Aware5!$D10 -> 37 | AA11: =MIN(V11:Z11) -> 12 | AB11: =AVERAGE(V11:Z11) -> 19.8 | AC11: =MAX(V11:Z11) -> 37 | AE11: 8 | AF11: =AVERAGE(L6:L11) -> 42.833333 | AG11: =AVERAGE(M6:M11) -> 80.5 | AH11: =AVERAGE(N6:N11) -> 67.166667 | AI11: =AVERAGE(O6:O11) -> 45.333333 | AJ11: =AVERAGE(P6:P11) -> 42.5 | AK11: =MIN(AF11:AJ11) -> 42.5 | AL11: =AVERAGE(AF11:AJ11) -> 55.666667 | AM11: =MAX(AF11:AJ11) -> 80.5
A12: 9 | B12: =Aware1!H11 -> 9 | C12: =Aware2!H11 -> 6 | D12: =Aware3!H11 -> 2 | E12: =Aware4!H11 -> 4 | F12: =Aware5!H11 -> 2 | G12: =MIN(B12:F12) -> 2 | H12: =AVERAGE(B12:F12) -> 4.6 | I12: =MAX(B12:F12) -> 9 | K12: 9 | L12: =Aware1!$G11 -> 95 | M12: =Aware2!$G11 -> 56 | N12: =Aware3!$G11 -> 47 | O12: =Aware4!$G11 -> 33 | P12: =Aware5!$G11 -> 9 | Q12: =MIN(L12:P12) -> 9 | R12: =AVERAGE(L12:P12) -> 48 | S12: =MAX(L12:P12) -> 95 | U12: 9 | V12: =Aware1!$D11 -> 24 | W12: =Aware2!$D11 -> 17 | X12: =Aware3!$D11 -> 14 | Y12: =Aware4!$D11 -> 15 | Z12: =Aware5!$D11 -> 31 | AA12: =MIN(V12:Z12) -> 14 | AB12: =AVERAGE(V12:Z12) -> 20.2 | AC12: =MAX(V12:Z12) -> 31 | AE12: 9 | AF12: =AVERAGE(L7:L12) -> 42 | AG12: =AVERAGE(M7:M12) -> 73.333333 | AH12: =AVERAGE(N7:N12) -> 58.5 | AI12: =AVERAGE(O7:O12) -> 34.333333 | AJ12: =AVERAGE(P7:P12) -> 27.333333 | AK12: =MIN(AF12:AJ12) -> 27.333333 | AL12: =AVERAGE(AF12:AJ12) -> 47.1 | AM12: =MAX(AF12:AJ12) -> 73.333333
A13: 10 | B13: =Aware1!H12 -> 4 | C13: =Aware2!H12 -> 1 | D13: =Aware3!H12 -> 4 | E13: =Aware4!H12 -> 2 | F13: =Aware5!H12 -> 2 | G13: =MIN(B13:F13) -> 1 | H13: =AVERAGE(B13:F13) -> 2.6 | I13: =MAX(B13:F13) -> 4 | K13: 10 | L13: =Aware1!$G12 -> 28 | M13: =Aware2!$G12 -> 29 | N13: =Aware3!$G12 -> 48 | O13: =Aware4!$G12 -> 57 | P13: =Aware5!$G12 -> 12 | Q13: =MIN(L13:P13) -> 12 | R13: =AVERAGE(L13:P13) -> 34.8 | S13: =MAX(L13:P13) -> 57 | U13: 10 | V13: =Aware1!$D12 -> 25 | W13: =Aware2!$D12 -> 18 | X13: =Aware3!$D12 -> 18 | Y13: =Aware4!$D12 -> 16 | Z13: =Aware5!$D12 -> 32 | AA13: =MIN(V13:Z13) -> 16 | AB13: =AVERAGE(V13:Z13) -> 21.8 | AC13: =MAX(V13:Z13) -> 32 | AE13: 10 | AF13: =AVERAGE(L8:L13) -> 41 | AG13: =AVERAGE(M8:M13) -> 73.666667 | AH13: =AVERAGE(N8:N13) -> 61.833333 | AI13: =AVERAGE(O8:O13) -> 38.5 | AJ13: =AVERAGE(P8:P13) -> 23.666667 | AK13: =MIN(AF13:AJ13) -> 23.666667 | AL13: =AVERAGE(AF13:AJ13) -> 47.733333 | AM13: =MAX(AF13:AJ13) -> 73.666667
A14: 11 | B14: =Aware1!H13 -> 4 | C14: =Aware2!H13 -> 5 | D14: =Aware3!H13 -> 2 | E14: =Aware4!H13 -> 0 | F14: =Aware5!H13 -> 1 | G14: =MIN(B14:F14) -> 0 | H14: =AVERAGE(B14:F14) -> 2.4 | I14: =MAX(B14:F14) -> 5 | K14: 11 | L14: =Aware1!$G13 -> 19 | M14: =Aware2!$G13 -> 25 | N14: =Aware3!$G13 -> 23 | O14: =Aware4!$G13 -> 24 | P14: =Aware5!$G13 -> 18 | Q14: =MIN(L14:P14) -> 18 | R14: =AVERAGE(L14:P14) -> 21.8 | S14: =MAX(L14:P14) -> 25 | U14: 11 | V14: =Aware1!$D13 -> 29 | W14: =Aware2!$D13 -> 22 | X14: =Aware3!$D13 -> 19 | Y14: =Aware4!$D13 -> 13 | Z14: =Aware5!$D13 -> 24 | AA14: =MIN(V14:Z14) -> 13 | AB14: =AVERAGE(V14:Z14) -> 21.4 | AC14: =MAX(V14:Z14) -> 29 | AE14: 11 | AF14: =AVERAGE(L9:L14) -> 38.666667 | AG14: =AVERAGE(M9:M14) -> 61.5 | AH14: =AVERAGE(N9:N14) -> 49.333333 | AI14: =AVERAGE(O9:O14) -> 37.833333 | AJ14: =AVERAGE(P9:P14) -> 21 | AK14: =MIN(AF14:AJ14) -> 21 | AL14: =AVERAGE(AF14:AJ14) -> 41.666667 | AM14: =MAX(AF14:AJ14) -> 61.5
A15: 12 | B15: =Aware1!H14 -> 3 | C15: =Aware2!H14 -> 5 | D15: =Aware3!H14 -> 0 | E15: =Aware4!H14 -> 3 | F15: =Aware5!H14 -> 0 | G15: =MIN(B15:F15) -> 0 | H15: =AVERAGE(B15:F15) -> 2.2 | I15: =MAX(B15:F15) -> 5 | K15: 12 | L15: =Aware1!$G14 -> 26 | M15: =Aware2!$G14 -> 23 | N15: =Aware3!$G14 -> 20 | O15: =Aware4!$G14 -> 28 | P15: =Aware5!$G14 -> 16 | Q15: =MIN(L15:P15) -> 16 | R15: =AVERAGE(L15:P15) -> 22.6 | S15: =MAX(L15:P15) -> 28 | U15: 12 | V15: =Aware1!$D14 -> 29 | W15: =Aware2!$D14 -> 24 | X15: =Aware3!$D14 -> 18 | Y15: =Aware4!$D14 -> 15 | Z15: =Aware5!$D14 -> 19 | AA15: =MIN(V15:Z15) -> 15 | AB15: =AVERAGE(V15:Z15) -> 21 | AC15: =MAX(V15:Z15) -> 29 | AE15: 12 | AF15: =AVERAGE(L10:L15) -> 37.5 | AG15: =AVERAGE(M10:M15) -> 48.833333 | AH15: =AVERAGE(N10:N15) -> 44.333333 | AI15: =AVERAGE(O10:O15) -> 37.833333 | AJ15: =AVERAGE(P10:P15) -> 20.333333 | AK15: =MIN(AF15:AJ15) -> 20.333333 | AL15: =AVERAGE(AF15:AJ15) -> 37.766667 | AM15: =MAX(AF15:AJ15) -> 48.833333
A16: 13 | B16: =Aware1!H15 -> 1 | C16: =Aware2!H15 -> 4 | D16: =Aware3!H15 -> 3 | E16: =Aware4!H15 -> 2 | F16: =Aware5!H15 -> 0 | G16: =MIN(B16:F16) -> 0 | H16: =AVERAGE(B16:F16) -> 2 | I16: =MAX(B16:F16) -> 4 | K16: 13 | L16: =Aware1!$G15 -> 16 | M16: =Aware2!$G15 -> 23 | N16: =Aware3!$G15 -> 25 | O16: =Aware4!$G15 -> 23 | P16: =Aware5!$G15 -> 26 | Q16: =MIN(L16:P16) -> 16 | R16: =AVERAGE(L16:P16) -> 22.6 | S16: =MAX(L16:P16) -> 26 | U16: 13 | V16: =Aware1!$D15 -> 26 | W16: =Aware2!$D15 -> 26 | X16: =Aware3!$D15 -> 19 | Y16: =Aware4!$D15 -> 13 | Z16: =Aware5!$D15 -> 15 | AA16: =MIN(V16:Z16) -> 13 | AB16: =AVERAGE(V16:Z16) -> 19.8 | AC16: =MAX(V16:Z16) -> 26 | AE16: 13 | AF16: =AVERAGE(L11:L16) -> 36 | AG16: =AVERAGE(M11:M16) -> 42.5 | AH16: =AVERAGE(N11:N16) -> 43.5 | AI16: =AVERAGE(O11:O16) -> 36.166667 | AJ16: =AVERAGE(P11:P16) -> 21.333333 | AK16: =MIN(AF16:AJ16) -> 21.333333 | AL16: =AVERAGE(AF16:AJ16) -> 35.9 | AM16: =MAX(AF16:AJ16) -> 43.5
A17: 14 | B17: =Aware1!H16 -> 1 | C17: =Aware2!H16 -> 6 | D17: =Aware3!H16 -> 1 | E17: =Aware4!H16 -> 1 | F17: =Aware5!H16 -> 0 | G17: =MIN(B17:F17) -> 0 | H17: =AVERAGE(B17:F17) -> 1.8 | I17: =MAX(B17:F17) -> 6 | K17: 14 | L17: =Aware1!$G16 -> 17 | M17: =Aware2!$G16 -> 47 | N17: =Aware3!$G16 -> 22 | O17: =Aware4!$G16 -> 28 | P17: =Aware5!$G16 -> 28 | Q17: =MIN(L17:P17) -> 17 | R17: =AVERAGE(L17:P17) -> 28.4 | S17: =MAX(L17:P17) -> 47 | U17: 14 | V17: =Aware1!$D16 -> 22 | W17: =Aware2!$D16 -> 27 | X17: =Aware3!$D16 -> 12 | Y17: =Aware4!$D16 -> 12 | Z17: =Aware5!$D16 -> 5 | AA17: =MIN(V17:Z17) -> 5 | AB17: =AVERAGE(V17:Z17) -> 15.6 | AC17: =MAX(V17:Z17) -> 27 | AE17: 14 | AF17: =AVERAGE(L12:L17) -> 33.5 | AG17: =AVERAGE(M12:M17) -> 33.833333 | AH17: =AVERAGE(N12:N17) -> 30.833333 | AI17: =AVERAGE(O12:O17) -> 32.166667 | AJ17: =AVERAGE(P12:P17) -> 18.166667 | AK17: =MIN(AF17:AJ17) -> 18.166667 | AL17: =AVERAGE(AF17:AJ17) -> 29.7 | AM17: =MAX(AF17:AJ17) -> 33.833333
A18: 15 | B18: =Aware1!H17 -> 1 | C18: =Aware2!H17 -> 1 | D18: =Aware3!H17 -> 4 | E18: =Aware4!H17 -> 2 | F18: =Aware5!H17 -> 0 | G18: =MIN(B18:F18) -> 0 | H18: =AVERAGE(B18:F18) -> 1.6 | I18: =MAX(B18:F18) -> 4 | K18: 15 | L18: =Aware1!$G17 -> 24 | M18: =Aware2!$G17 -> 19 | N18: =Aware3!$G17 -> 28 | O18: =Aware4!$G17 -> 94 | P18: =Aware5!$G17 -> 58 | Q18: =MIN(L18:P18) -> 19 | R18: =AVERAGE(L18:P18) -> 44.6 | S18: =MAX(L18:P18) -> 94 | U18: 15 | V18: =Aware1!$D17 -> 14 | W18: =Aware2!$D17 -> 22 | X18: =Aware3!$D17 -> 14 | Y18: =Aware4!$D17 -> 10 | Z18: =Aware5!$D17 -> 3 | AA18: =MIN(V18:Z18) -> 3 | AB18: =AVERAGE(V18:Z18) -> 12.6 | AC18: =MAX(V18:Z18) -> 22 | AE18: 15 | AF18: =AVERAGE(L13:L18) -> 21.666667 | AG18: =AVERAGE(M13:M18) -> 27.666667 | AH18: =AVERAGE(N13:N18) -> 27.666667 | AI18: =AVERAGE(O13:O18) -> 42.333333 | AJ18: =AVERAGE(P13:P18) -> 26.333333 | AK18: =MIN(AF18:AJ18) -> 21.666667 | AL18: =AVERAGE(AF18:AJ18) -> 29.133333 | AM18: =MAX(AF18:AJ18) -> 42.333333
A19: 16 | B19: =Aware1!H18 -> 0 | C19: =Aware2!H18 -> 2 | D19: =Aware3!H18 -> 10 | E19: =Aware4!H18 -> 1 | F19: =Aware5!H18 -> 1 | G19: =MIN(B19:F19) -> 0 | H19: =AVERAGE(B19:F19) -> 2.8 | I19: =MAX(B19:F19) -> 10 | K19: 16 | L19: =Aware1!$G18 -> 27 | M19: =Aware2!$G18 -> 20 | N19: =Aware3!$G18 -> 98 | O19: =Aware4!$G18 -> 30 | P19: =Aware5!$G18 -> 98 | Q19: =MIN(L19:P19) -> 20 | R19: =AVERAGE(L19:P19) -> 54.6 | S19: =MAX(L19:P19) -> 98 | U19: 16 | V19: =Aware1!$D18 -> 10 | W19: =Aware2!$D18 -> 23 | X19: =Aware3!$D18 -> 20 | Y19: =Aware4!$D18 -> 9 | Z19: =Aware5!$D18 -> 2 | AA19: =MIN(V19:Z19) -> 2 | AB19: =AVERAGE(V19:Z19) -> 12.8 | AC19: =MAX(V19:Z19) -> 23 | AE19: 16 | AF19: =AVERAGE(L14:L19) -> 21.5 | AG19: =AVERAGE(M14:M19) -> 26.166667 | AH19: =AVERAGE(N14:N19) -> 36 | AI19: =AVERAGE(O14:O19) -> 37.833333 | AJ19: =AVERAGE(P14:P19) -> 40.666667 | AK19: =MIN(AF19:AJ19) -> 21.5 | AL19: =AVERAGE(AF19:AJ19) -> 32.433333 | AM19: =MAX(AF19:AJ19) -> 40.666667
... A29: 26 | B29: =Aware1!H28 -> 0 | C29: =Aware2!H28 -> 0 | D29: =Aware3!H28 -> 2 | E29: =Aware4!H28 -> 0 | F29: =Aware5!H28 -> 0 | G29: =MIN(B29:F29) -> 0 | H29: =AVERAGE(B29:F29) -> 0.4 | I29: =MAX(B29:F29) -> 2 | K29: 26 | L29: =Aware1!$G28 -> 99 | M29: =Aware2!$G28 -> 30 | N29: =Aware3!$G28 -> 34 | O29: =Aware4!$G28 -> 31 | P29: =Aware5!$G28 -> 99 | Q29: =MIN(L29:P29) -> 30 | R29: =AVERAGE(L29:P29) -> 58.6 | S29: =MAX(L29:P29) -> 99 | U29: 26 | V29: =Aware1!$D28 -> 1 | W29: =Aware2!$D28 -> 9 | X29: =Aware3!$D28 -> 11 | Y29: =Aware4!$D28 -> 7 | Z29: =Aware5!$D28 -> 0 | AA29: =MIN(V29:Z29) -> 0 | AB29: =AVERAGE(V29:Z29) -> 5.6 | AC29: =MAX(V29:Z29) -> 11 | AE29: 26 | AF29: =AVERAGE(L24:L29) -> 93.166667 | AG29: =AVERAGE(M24:M29) -> 69 | AH29: =AVERAGE(N24:N29) -> 78.833333 | AI29: =AVERAGE(O24:O29) -> 88 | AJ29: =AVERAGE(P24:P29) -> 86.333333 | AK29: =MIN(AF29:AJ29) -> 69 | AL29: =AVERAGE(AF29:AJ29) -> 83.066667 | AM29: =MAX(AF29:AJ29) -> 93.166667
A30: 27 | B30: =Aware1!H29 -> 1 | C30: =Aware2!H29 -> 0 | D30: =Aware3!H29 -> 5 | E30: =Aware4!H29 -> 1 | F30: =Aware5!H29 -> 0 | G30: =MIN(B30:F30) -> 0 | H30: =AVERAGE(B30:F30) -> 1.4 | I30: =MAX(B30:F30) -> 5 | K30: 27 | L30: =Aware1!$G29 -> 100 | M30: =Aware2!$G29 -> 59 | N30: =Aware3!$G29 -> 96 | O30: =Aware4!$G29 -> 58 | P30: =100 -> 100 | Q30: =MIN(L30:P30) -> 58 | R30: =AVERAGE(L30:P30) -> 82.6 | S30: =MAX(L30:P30) -> 100 | U30: 27 | V30: =Aware1!$D29 -> 1 | W30: =Aware2!$D29 -> 7 | X30: =Aware3!$D29 -> 16 | Y30: =Aware4!$D29 -> 8 | Z30: =Aware5!$D29 -> 0 | AA30: =MIN(V30:Z30) -> 0 | AB30: =AVERAGE(V30:Z30) -> 6.4 | AC30: =MAX(V30:Z30) -> 16 | AE30: 27 | AF30: =AVERAGE(L25:L30) -> 93.166667 | AG30: =AVERAGE(M25:M30) -> 62.333333 | AH30: =AVERAGE(N25:N30) -> 87.5 | AI30: =AVERAGE(O25:O30) -> 81.5 | AJ30: =AVERAGE(P25:P30) -> 86.5 | AK30: =MIN(AF30:AJ30) -> 62.333333 | AL30: =AVERAGE(AF30:AJ30) -> 82.2 | AM30: =MAX(AF30:AJ30) -> 93.166667
A31: 28 | B31: =Aware1!H30 -> 0 | C31: =Aware2!H30 -> 0 | D31: =Aware3!H30 -> 1 | E31: =Aware4!H30 -> 0 | F31: =Aware5!H30 -> 0 | G31: =MIN(B31:F31) -> 0 | H31: =AVERAGE(B31:F31) -> 0.2 | I31: =MAX(B31:F31) -> 1 | K31: 28 | L31: =Aware1!$G30 -> 100 | M31: =Aware2!$G30 -> 28 | N31: =Aware3!$G30 -> 29 | O31: =Aware4!$G30 -> 32 | P31: =100 -> 100 | Q31: =MIN(L31:P31) -> 28 | R31: =AVERAGE(L31:P31) -> 57.8 | S31: =MAX(L31:P31) -> 100 | U31: 28 | V31: =Aware1!$D30 -> 1 | W31: =Aware2!$D30 -> 3 | X31: =Aware3!$D30 -> 14 | Y31: =Aware4!$D30 -> 6 | Z31: =Aware5!$D30 -> 0 | AA31: =MIN(V31:Z31) -> 0 | AB31: =AVERAGE(V31:Z31) -> 4.8 | AC31: =MAX(V31:Z31) -> 14 | AE31: 28 | AF31: =AVERAGE(L26:L31) -> 93.166667 | AG31: =AVERAGE(M26:M31) -> 50.5 | AH31: =AVERAGE(N26:N31) -> 76.333333 | AI31: =AVERAGE(O26:O31) -> 70.166667 | AJ31: =AVERAGE(P26:P31) -> 86.666667 | AK31: =MIN(AF31:AJ31) -> 50.5 | AL31: =AVERAGE(AF31:AJ31) -> 75.366667 | AM31: =MAX(AF31:AJ31) -> 93.166667
A32: 29 | B32: =Aware1!H31 -> 1 | C32: =Aware2!H31 -> 2 | D32: =Aware3!H31 -> 1 | E32: =Aware4!H31 -> 0 | F32: =Aware5!H31 -> 0 | G32: =MIN(B32:F32) -> 0 | H32: =AVERAGE(B32:F32) -> 0.8 | I32: =MAX(B32:F32) -> 2 | K32: 29 | L32: =Aware1!$G31 -> 100 | M32: =Aware2!$G31 -> 98 | N32: =Aware3!$G31 -> 24 | O32: =Aware4!$G31 -> 33 | P32: =100 -> 100 | Q32: =MIN(L32:P32) -> 24 | R32: =AVERAGE(L32:P32) -> 71 | S32: =MAX(L32:P32) -> 100 | U32: 29 | V32: =Aware1!$D31 -> 2 | W32: =Aware2!$D31 -> 4 | X32: =Aware3!$D31 -> 15 | Y32: =Aware4!$D31 -> 5 | Z32: =Aware5!$D31 -> 0 | AA32: =MIN(V32:Z32) -> 0 | AB32: =AVERAGE(V32:Z32) -> 5.2 | AC32: =MAX(V32:Z32) -> 15 | AE32: 29 | AF32: =AVERAGE(L27:L32) -> 93.166667 | AG32: =AVERAGE(M27:M32) -> 56.833333 | AH32: =AVERAGE(N27:N32) -> 63.666667 | AI32: =AVERAGE(O27:O32) -> 59 | AJ32: =AVERAGE(P27:P32) -> 93.166667 | AK32: =MIN(AF32:AJ32) -> 56.833333 | AL32: =AVERAGE(AF32:AJ32) -> 73.166667 | AM32: =MAX(AF32:AJ32) -> 93.166667
A33: 30 | B33: =Aware1!H32 -> 1 | C33: =Aware2!H32 -> 3 | D33: =Aware3!H32 -> 0 | E33: =Aware4!H32 -> 2 | F33: =Aware5!H32 -> 0 | G33: =MIN(B33:F33) -> 0 | H33: =AVERAGE(B33:F33) -> 1.2 | I33: =MAX(B33:F33) -> 3 | K33: 30 | L33: =Aware1!$G32 -> 100 | M33: =Aware2!$G32 -> 100 | N33: =Aware3!$G32 -> 28 | O33: =Aware4!$G32 -> 97 | P33: =100 -> 100 | Q33: =MIN(L33:P33) -> 28 | R33: =AVERAGE(L33:P33) -> 85 | S33: =MAX(L33:P33) -> 100 | U33: 30 | V33: =Aware1!$D32 -> 3 | W33: =Aware2!$D32 -> 5 | X33: =Aware3!$D32 -> 13 | Y33: =Aware4!$D32 -> 5 | Z33: =Aware5!$D32 -> 0 | AA33: =MIN(V33:Z33) -> 0 | AB33: =AVERAGE(V33:Z33) -> 5.2 | AC33: =MAX(V33:Z33) -> 13 | AE33: 30 | AF33: =AVERAGE(L28:L33) -> 93.166667 | AG33: =AVERAGE(M28:M33) -> 56.833333 | AH33: =AVERAGE(N28:N33) -> 51.666667 | AI33: =AVERAGE(O28:O33) -> 58.5 | AJ33: =AVERAGE(P28:P33) -> 99.5 | AK33: =MIN(AF33:AJ33) -> 51.666667 | AL33: =AVERAGE(AF33:AJ33) -> 71.933333 | AM33: =MAX(AF33:AJ33) -> 99.5
A34: 31 | B34: =Aware1!H33 -> 3 | C34: =Aware2!H33 -> 3 | D34: =Aware3!H33 -> 0 | E34: =Aware4!H33 -> 1 | F34: =Aware5!H33 -> 0 | G34: =MIN(B34:F34) -> 0 | H34: =AVERAGE(B34:F34) -> 1.4 | I34: =MAX(B34:F34) -> 3 | K34: 31 | L34: =Aware1!$G33 -> 62 | M34: =Aware2!$G33 -> 100 | N34: =Aware3!$G33 -> 20 | O34: =Aware4!$G33 -> 60 | P34: =100 -> 100 | Q34: =MIN(L34:P34) -> 20 | R34: =AVERAGE(L34:P34) -> 68.4 | S34: =MAX(L34:P34) -> 100 | U34: 31 | V34: =Aware1!$D33 -> 6 | W34: =Aware2!$D33 -> 8 | X34: =Aware3!$D33 -> 9 | Y34: =Aware4!$D33 -> 4 | Z34: =Aware5!$D33 -> 0 | AA34: =MIN(V34:Z34) -> 0 | AB34: =AVERAGE(V34:Z34) -> 5.4 | AC34: =MAX(V34:Z34) -> 9 | AE34: 31 | AF34: =AVERAGE(L29:L34) -> 93.5 | AG34: =AVERAGE(M29:M34) -> 69.166667 | AH34: =AVERAGE(N29:N34) -> 38.5 | AI34: =AVERAGE(O29:O34) -> 51.833333 | AJ34: =AVERAGE(P29:P34) -> 99.833333 | AK34: =MIN(AF34:AJ34) -> 38.5 | AL34: =AVERAGE(AF34:AJ34) -> 70.566667 | AM34: =MAX(AF34:AJ34) -> 99.833333
A35: 32 | B35: =Aware1!H34 -> 1 | C35: =Aware2!H34 -> 4 | D35: =Aware3!H34 -> 1 | E35: =Aware4!H34 -> 4 | F35: =Aware5!H34 -> 0 | G35: =MIN(B35:F35) -> 0 | H35: =AVERAGE(B35:F35) -> 2 | I35: =MAX(B35:F35) -> 4 | K35: 32 | L35: =Aware1!$G34 -> 99 | M35: =Aware2!$G34 -> 98 | N35: =Aware3!$G34 -> 52 | O35: =Aware4!$G34 -> 100 | P35: =100 -> 100 | Q35: =MIN(L35:P35) -> 52 | R35: =AVERAGE(L35:P35) -> 89.8 | S35: =MAX(L35:P35) -> 100 | U35: 32 | V35: =Aware1!$D34 -> 7 | W35: =Aware2!$D34 -> 12 | X35: =Aware3!$D34 -> 8 | Y35: =Aware4!$D34 -> 8 | Z35: =Aware5!$D34 -> 0 | AA35: =MIN(V35:Z35) -> 0 | AB35: =AVERAGE(V35:Z35) -> 7 | AC35: =MAX(V35:Z35) -> 12 | AE35: 32 | AF35: =AVERAGE(L30:L35) -> 93.5 | AG35: =AVERAGE(M30:M35) -> 80.5 | AH35: =AVERAGE(N30:N35) -> 41.5 | AI35: =AVERAGE(O30:O35) -> 63.333333 | AJ35: =AVERAGE(P30:P35) -> 100 | AK35: =MIN(AF35:AJ35) -> 41.5 | AL35: =AVERAGE(AF35:AJ35) -> 75.766667 | AM35: =MAX(AF35:AJ35) -> 100
A36: 33 | B36: =Aware1!H35 -> 0 | C36: =Aware2!H35 -> 0 | D36: =Aware3!H35 -> 0 | E36: =Aware4!H35 -> 3 | F36: =Aware5!H35 -> 0 | G36: =MIN(B36:F36) -> 0 | H36: =AVERAGE(B36:F36) -> 0.6 | I36: =MAX(B36:F36) -> 3 | K36: 33 | L36: =Aware1!$G35 -> 57 | M36: =Aware2!$G35 -> 29 | N36: =Aware3!$G35 -> 48 | O36: =Aware4!$G35 -> 100 | P36: =100 -> 100 | Q36: =MIN(L36:P36) -> 29 | R36: =AVERAGE(L36:P36) -> 66.8 | S36: =MAX(L36:P36) -> 100 | U36: 33 | V36: =Aware1!$D35 -> 6 | W36: =Aware2!$D35 -> 12 | X36: =Aware3!$D35 -> 3 | Y36: =Aware4!$D35 -> 10 | Z36: =Aware5!$D35 -> 0 | AA36: =MIN(V36:Z36) -> 0 | AB36: =AVERAGE(V36:Z36) -> 6.2 | AC36: =MAX(V36:Z36) -> 12 | AE36: 33 | AF36: =AVERAGE(L31:L36) -> 86.333333 | AG36: =AVERAGE(M31:M36) -> 75.5 | AH36: =AVERAGE(N31:N36) -> 33.5 | AI36: =AVERAGE(O31:O36) -> 70.333333 | AJ36: =AVERAGE(P31:P36) -> 100 | AK36: =MIN(AF36:AJ36) -> 33.5 | AL36: =AVERAGE(AF36:AJ36) -> 73.133333 | AM36: =MAX(AF36:AJ36) -> 100
A37: 34 | B37: =Aware1!H36 -> 0 | C37: =Aware2!H36 -> 0 | D37: =Aware3!H36 -> 0 | E37: =Aware4!H36 -> 0 | F37: =Aware5!H36 -> 0 | G37: =MIN(B37:F37) -> 0 | H37: =AVERAGE(B37:F37) -> 0 | I37: =MAX(B37:F37) -> 0 | K37: 34 | L37: =Aware1!$G36 -> 55 | M37: =Aware2!$G36 -> 34 | N37: =Aware3!$G36 -> 98 | O37: =Aware4!$G36 -> 31 | P37: =100 -> 100 | Q37: =MIN(L37:P37) -> 31 | R37: =AVERAGE(L37:P37) -> 63.6 | S37: =MAX(L37:P37) -> 100 | U37: 34 | V37: =Aware1!$D36 -> 6 | W37: =Aware2!$D36 -> 12 | X37: =Aware3!$D36 -> 2 | Y37: =Aware4!$D36 -> 10 | Z37: =Aware5!$D36 -> 0 | AA37: =MIN(V37:Z37) -> 0 | AB37: =AVERAGE(V37:Z37) -> 6 | AC37: =MAX(V37:Z37) -> 12 | AE37: 34 | AF37: =AVERAGE(L32:L37) -> 78.833333 | AG37: =AVERAGE(M32:M37) -> 76.5 | AH37: =AVERAGE(N32:N37) -> 45 | AI37: =AVERAGE(O32:O37) -> 70.166667 | AJ37: =AVERAGE(P32:P37) -> 100 | AK37: =MIN(AF37:AJ37) -> 45 | AL37: =AVERAGE(AF37:AJ37) -> 74.1 | AM37: =MAX(AF37:AJ37) -> 100
A38: 35 | B38: =Aware1!H37 -> 0 | C38: =Aware2!H37 -> 0 | D38: =Aware3!H37 -> 0 | E38: =Aware4!H37 -> 0 | F38: =Aware5!H37 -> 0 | G38: =MIN(B38:F38) -> 0 | H38: =AVERAGE(B38:F38) -> 0 | I38: =MAX(B38:F38) -> 0 | K38: 35 | L38: =Aware1!$G37 -> 32 | M38: =Aware2!$G37 -> 31 | N38: =Aware3!$G37 -> 99 | O38: =Aware4!$G37 -> 56 | P38: =100 -> 100 | Q38: =MIN(L38:P38) -> 31 | R38: =AVERAGE(L38:P38) -> 63.6 | S38: =MAX(L38:P38) -> 100 | U38: 35 | V38: =Aware1!$D37 -> 5 | W38: =Aware2!$D37 -> 10 | X38: =Aware3!$D37 -> 1 | Y38: =Aware4!$D37 -> 10 | Z38: =Aware5!$D37 -> 0 | AA38: =MIN(V38:Z38) -> 0 | AB38: =AVERAGE(V38:Z38) -> 5.2 | AC38: =MAX(V38:Z38) -> 10 | AE38: 35 | AF38: =AVERAGE(L33:L38) -> 67.5 | AG38: =AVERAGE(M33:M38) -> 65.333333 | AH38: =AVERAGE(N33:N38) -> 57.5 | AI38: =AVERAGE(O33:O38) -> 74 | AJ38: =AVERAGE(P33:P38) -> 100 | AK38: =MIN(AF38:AJ38) -> 57.5 | AL38: =AVERAGE(AF38:AJ38) -> 72.866667 | AM38: =MAX(AF38:AJ38) -> 100
A39: 36 | B39: =Aware1!H38 -> 0 | C39: =Aware2!H38 -> 0 | D39: =Aware3!H38 -> 0 | E39: =Aware4!H38 -> 0 | F39: =Aware5!H38 -> 0 | G39: =MIN(B39:F39) -> 0 | H39: =AVERAGE(B39:F39) -> 0 | I39: =MAX(B39:F39) -> 0 | K39: 36 | L39: =Aware1!$G38 -> 58 | M39: =Aware2!$G38 -> 32 | N39: =Aware3!$G38 -> 49 | O39: =Aware4!$G38 -> 25 | P39: =100 -> 100 | Q39: =MIN(L39:P39) -> 25 | R39: =AVERAGE(L39:P39) -> 52.8 | S39: =MAX(L39:P39) -> 100 | U39: 36 | V39: =Aware1!$D38 -> 4 | W39: =Aware2!$D38 -> 7 | X39: =Aware3!$D38 -> 1 | Y39: =Aware4!$D38 -> 8 | Z39: =Aware5!$D38 -> 0 | AA39: =MIN(V39:Z39) -> 0 | AB39: =AVERAGE(V39:Z39) -> 4 | AC39: =MAX(V39:Z39) -> 8 | AE39: 36 | AF39: =AVERAGE(L34:L39) -> 60.5 | AG39: =AVERAGE(M34:M39) -> 54 | AH39: =AVERAGE(N34:N39) -> 61 | AI39: =AVERAGE(O34:O39) -> 62 | AJ39: =AVERAGE(P34:P39) -> 100 | AK39: =MIN(AF39:AJ39) -> 54 | AL39: =AVERAGE(AF39:AJ39) -> 67.5 | AM39: =MAX(AF39:AJ39) -> 100
A40: 37 | B40: =Aware1!H39 -> 2 | C40: =Aware2!H39 -> 1 | D40: =Aware3!H39 -> 0 | E40: =Aware4!H39 -> 0 | F40: =Aware5!H39 -> 0 | G40: =MIN(B40:F40) -> 0 | H40: =AVERAGE(B40:F40) -> 0.6 | I40: =MAX(B40:F40) -> 2 | K40: 37 | L40: =Aware1!$G39 -> 98 | M40: =Aware2!$G39 -> 95 | N40: =Aware3!$G39 -> 99 | O40: =Aware4!$G39 -> 29 | P40: =100 -> 100 | Q40: =MIN(L40:P40) -> 29 | R40: =AVERAGE(L40:P40) -> 84.2 | S40: =MAX(L40:P40) -> 100 | U40: 37 | V40: =Aware1!$D39 -> 3 | W40: =Aware2!$D39 -> 5 | X40: =Aware3!$D39 -> 1 | Y40: =Aware4!$D39 -> 7 | Z40: =Aware5!$D39 -> 0 | AA40: =MIN(V40:Z40) -> 0 | AB40: =AVERAGE(V40:Z40) -> 3.2 | AC40: =MAX(V40:Z40) -> 7 | AE40: 37 | AF40: =AVERAGE(L35:L40) -> 66.5 | AG40: =AVERAGE(M35:M40) -> 53.166667 | AH40: =AVERAGE(N35:N40) -> 74.166667 | AI40: =AVERAGE(O35:O40) -> 56.833333 | AJ40: =AVERAGE(P35:P40) -> 100 | AK40: =MIN(AF40:AJ40) -> 53.166667 | AL40: =AVERAGE(AF40:AJ40) -> 70.133333 | AM40: =MAX(AF40:AJ40) -> 100
A41: 38 | B41: =Aware1!H40 -> 1 | C41: =Aware2!H40 -> 1 | D41: =Aware3!H40 -> 1 | E41: =Aware4!H40 -> 3 | F41: =Aware5!H40 -> 0 | G41: =MIN(B41:F41) -> 0 | H41: =AVERAGE(B41:F41) -> 1.2 | I41: =MAX(B41:F41) -> 3 | K41: 38 | L41: =Aware1!$G40 -> 100 | M41: =Aware2!$G40 -> 98 | N41: =Aware3!$G40 -> 100 | O41: =Aware4!$G40 -> 97 | P41: =100 -> 100 | Q41: =MIN(L41:P41) -> 97 | R41: =AVERAGE(L41:P41) -> 99 | S41: =MAX(L41:P41) -> 100 | U41: 38 | V41: =Aware1!$D40 -> 3 | W41: =Aware2!$D40 -> 2 | X41: =Aware3!$D40 -> 1 | Y41: =Aware4!$D40 -> 6 | Z41: =Aware5!$D40 -> 0 | AA41: =MIN(V41:Z41) -> 0 | AB41: =AVERAGE(V41:Z41) -> 2.4 | AC41: =MAX(V41:Z41) -> 6 | AE41: 38 | AF41: =AVERAGE(L36:L41) -> 66.666667 | AG41: =AVERAGE(M36:M41) -> 53.166667 | AH41: =AVERAGE(N36:N41) -> 82.166667 | AI41: =AVERAGE(O36:O41) -> 56.333333 | AJ41: =AVERAGE(P36:P41) -> 100 | AK41: =MIN(AF41:AJ41) -> 53.166667 | AL41: =AVERAGE(AF41:AJ41) -> 71.666667 | AM41: =MAX(AF41:AJ41) -> 100
... A49: 46 | B49: =Aware1!H48 -> 0 | C49: =Aware2!H48 -> 0 | D49: =Aware3!H48 -> 0 | E49: =Aware4!H48 -> 0 | F49: =Aware5!H48 -> 0 | G49: =MIN(B49:F49) -> 0 | H49: =AVERAGE(B49:F49) -> 0 | I49: =MAX(B49:F49) -> 0 | K49: 46 | L49: =Aware1!$G48 -> 58 | M49: =Aware2!$G48 -> 100 | N49: =Aware3!$G48 -> 100 | O49: =Aware4!$G48 -> 93 | P49: =100 -> 100 | Q49: =MIN(L49:P49) -> 58 | R49: =AVERAGE(L49:P49) -> 90.2 | S49: =MAX(L49:P49) -> 100 | U49: 46 | V49: =Aware1!$D48 -> 4 | W49: =Aware2!$D48 -> 0 | X49: =Aware3!$D48 -> 1 | Y49: =Aware4!$D48 -> 4 | Z49: =Aware5!$D48 -> 0 | AA49: =MIN(V49:Z49) -> 0 | AB49: =AVERAGE(V49:Z49) -> 1.8 | AC49: =MAX(V49:Z49) -> 4 | AE49: 46 | AF49: =AVERAGE(L44:L49) -> 46.166667 | AG49: =AVERAGE(M44:M49) -> 80.666667 | AH49: =AVERAGE(N44:N49) -> 83.333333 | AI49: =AVERAGE(O44:O49) -> 52.166667 | AJ49: =AVERAGE(P44:P49) -> 100 | AK49: =MIN(AF49:AJ49) -> 46.166667 | AL49: =AVERAGE(AF49:AJ49) -> 72.466667 | AM49: =MAX(AF49:AJ49) -> 100
A50: 47 | B50: =Aware1!H49 -> 0 | C50: =Aware2!H49 -> 0 | D50: =Aware3!H49 -> 1 | E50: =Aware4!H49 -> 1 | F50: =Aware5!H49 -> 0 | G50: =MIN(B50:F50) -> 0 | H50: =AVERAGE(B50:F50) -> 0.4 | I50: =MAX(B50:F50) -> 1 | K50: 47 | L50: =Aware1!$G49 -> 97 | M50: =100 -> 100 | N50: =Aware3!$G49 -> 100 | O50: =Aware4!$G49 -> 100 | P50: =100 -> 100 | Q50: =MIN(L50:P50) -> 97 | R50: =AVERAGE(L50:P50) -> 99.4 | S50: =MAX(L50:P50) -> 100 | U50: 47 | V50: =Aware1!$D49 -> 2 | W50: =Aware2!$D49 -> 0 | X50: =Aware3!$D49 -> 1 | Y50: =Aware4!$D49 -> 2 | Z50: =Aware5!$D49 -> 0 | AA50: =MIN(V50:Z50) -> 0 | AB50: =AVERAGE(V50:Z50) -> 1 | AC50: =MAX(V50:Z50) -> 2 | AE50: 47 | AF50: =AVERAGE(L45:L50) -> 56.333333 | AG50: =AVERAGE(M45:M50) -> 87 | AH50: =AVERAGE(N45:N50) -> 83.333333 | AI50: =AVERAGE(O45:O50) -> 52.5 | AJ50: =AVERAGE(P45:P50) -> 100 | AK50: =MIN(AF50:AJ50) -> 52.5 | AL50: =AVERAGE(AF50:AJ50) -> 75.833333 | AM50: =MAX(AF50:AJ50) -> 100
A51: 48 | B51: =Aware1!H50 -> 0 | C51: =Aware2!H50 -> 0 | D51: =Aware3!H50 -> 0 | E51: =Aware4!H50 -> 0 | F51: =Aware5!H50 -> 0 | G51: =MIN(B51:F51) -> 0 | H51: =AVERAGE(B51:F51) -> 0 | I51: =MAX(B51:F51) -> 0 | K51: 48 | L51: =Aware1!$G50 -> 60 | M51: =100 -> 100 | N51: =Aware3!$G50 -> 100 | O51: =Aware4!$G50 -> 100 | P51: =100 -> 100 | Q51: =MIN(L51:P51) -> 60 | R51: =AVERAGE(L51:P51) -> 92 | S51: =MAX(L51:P51) -> 100 | U51: 48 | V51: =Aware1!$D50 -> 1 | W51: =Aware2!$D50 -> 0 | X51: =Aware3!$D50 -> 1 | Y51: =Aware4!$D50 -> 2 | Z51: =Aware5!$D50 -> 0 | AA51: =MIN(V51:Z51) -> 0 | AB51: =AVERAGE(V51:Z51) -> 0.8 | AC51: =MAX(V51:Z51) -> 2 | AE51: 48 | AF51: =AVERAGE(L46:L51) -> 56.5 | AG51: =AVERAGE(M46:M51) -> 93.666667 | AH51: =AVERAGE(N46:N51) -> 91.833333 | AI51: =AVERAGE(O46:O51) -> 63.833333 | AJ51: =AVERAGE(P46:P51) -> 100 | AK51: =MIN(AF51:AJ51) -> 56.5 | AL51: =AVERAGE(AF51:AJ51) -> 81.166667 | AM51: =MAX(AF51:AJ51) -> 100
A52: 49 | B52: =Aware1!H51 -> 0 | C52: =Aware2!H51 -> 0 | D52: =Aware3!H51 -> 0 | E52: =Aware4!H51 -> 0 | F52: =Aware5!H51 -> 0 | G52: =MIN(B52:F52) -> 0 | H52: =AVERAGE(B52:F52) -> 0 | I52: =MAX(B52:F52) -> 0 | K52: 49 | L52: =Aware1!$G51 -> 100 | M52: =100 -> 100 | N52: =Aware3!$G51 -> 100 | O52: =Aware4!$G51 -> 61 | P52: =100 -> 100 | Q52: =MIN(L52:P52) -> 61 | R52: =AVERAGE(L52:P52) -> 92.2 | S52: =MAX(L52:P52) -> 100 | U52: 49 | V52: =Aware1!$D51 -> 1 | W52: =Aware2!$D51 -> 0 | X52: =Aware3!$D51 -> 1 | Y52: =Aware4!$D51 -> 2 | Z52: =Aware5!$D51 -> 0 | AA52: =MIN(V52:Z52) -> 0 | AB52: =AVERAGE(V52:Z52) -> 0.8 | AC52: =MAX(V52:Z52) -> 2 | AE52: 49 | AF52: =AVERAGE(L47:L52) -> 67.333333 | AG52: =AVERAGE(M47:M52) -> 93.666667 | AH52: =AVERAGE(N47:N52) -> 91.833333 | AI52: =AVERAGE(O47:O52) -> 68.833333 | AJ52: =AVERAGE(P47:P52) -> 100 | AK52: =MIN(AF52:AJ52) -> 67.333333 | AL52: =AVERAGE(AF52:AJ52) -> 84.333333 | AM52: =MAX(AF52:AJ52) -> 100
A53: Sum | B53: =SUM(B3:B52) -> 70 | C53: =SUM(C3:C52) -> 69 | D53: =SUM(D3:D52) -> 66 | E53: =SUM(E3:E52) -> 72 | F53: =SUM(F3:F52) -> 54 | G53: =SUM(G3:G52) -> 11 | H53: =SUM(H3:H52) -> 66.2 | I53: =SUM(I3:I52) -> 156 | K53: Sum | L53: =SUM(L3:L52) -> 3333 | M53: =SUM(M3:M52) -> 3345 | N53: =SUM(N3:N52) -> 3346 | O53: =SUM(O3:O52) -> 3069 | P53: =SUM(P3:P52) -> 4000 | Q53: =SUM(Q3:Q52) -> 2135 | R53: =AVERAGE(L53:P53) -> 3418.6 | S53: =MAX(L53:P53) -> 4000 | U53: Sum | V53: =SUM(V3:V52) -> 420 | W53: =SUM(W3:W52) -> 414 | X53: =SUM(X3:X52) -> 393 | Y53: =SUM(Y3:Y52) -> 428 | Z53: =SUM(Z3:Z52) -> 324 | AA53: =SUM(AA3:AA52) -> 131 | AB53: =AVERAGE(V53:Z53) -> 395.8 | AC53: =MAX(V53:Z53) -> 428 | AE53: Sum | AF53: =SUM(AF3:AF52) -> 3384.3 | AG53: =SUM(AG3:AG52) -> 3342.45 | AH53: =SUM(AH3:AH52) -> 3351.65 | AI53: =SUM(AI3:AI52) -> 3112.6167 | AJ53: =SUM(AJ3:AJ52) -> 3997.8 | AK53: =SUM(AK3:AK52) -> 2622.95 | AL53: =AVERAGE(AF53:AJ53) -> 3437.7633 | AM53: =MAX(AF53:AJ53) -> 3997.8
A55: Average per ts | B55: =AVERAGE(B3:B52) -> 1.4 | C55: =AVERAGE(C3:C49) -> 1.4680851 | D55: =AVERAGE(D3:D52) -> 1.32 | E55: =AVERAGE(E3:E52) -> 1.44 | F55: =AVERAGE(F3:F29) -> 2 | G55: =MIN(B55:F55) -> 1.32 | H55: =AVERAGE(B55:G55) -> 1.4913475 | I55: =MAX(B55:G55) -> 2 | K55: Average per ts | L55: =AVERAGE(L3:L52) -> 66.66 | M55: =AVERAGE(M3:M49) -> 64.787234 | N55: =AVERAGE(N3:N52) -> 66.92 | O55: =AVERAGE(O3:O52) -> 61.38 | P55: =AVERAGE(P3:P29) -> 62.962963 | Q55: =MIN(L55:P55) -> 61.38 | R55: =AVERAGE(L55:Q55) -> 64.015033 | S55: =MAX(L55:Q55) -> 66.92 | U55: Average per ts | V55: =AVERAGE(V3:V52) -> 8.4 | W55: =AVERAGE(W3:W49) -> 8.8085106 | X55: =AVERAGE(X3:X52) -> 7.86 | Y55: =AVERAGE(Y3:Y52) -> 8.56 | Z55: =AVERAGE(Z3:Z29) -> 12 | AA55: =MIN(V55:Z55) -> 7.86 | AB55: =AVERAGE(V55:AA55) -> 8.9147518 | AC55: =MAX(V55:AA55) -> 12 | AE55: Average per ts | AF55: =AVERAGE(AF3:AF52) -> 67.686 | AG55: =AVERAGE(AG3:AG49) -> 65.279078 | AH55: =AVERAGE(AH3:AH52) -> 67.033 | AI55: =AVERAGE(AI3:AI52) -> 62.252333 | AJ55: =AVERAGE(AJ3:AJ29) -> 64.153086 | AK55: =MIN(AF55:AJ55) -> 62.252333 | AL55: =AVERAGE(AF55:AK55) -> 64.775972 | AM55: =MAX(AF55:AK55) -> 67.686

Sheet Learn_Full
B1: New Infection | L1: Mobility | V1: Infected | AF1: Mobility 6 time period average
A2: Time | B2: NI_Learn1 | C2: NI_Learn2 | D2: NI_Learn3 | E2: NI_Learn4 | F2: NI_Learn5 | G2: NI_Min | H2: NI_Mean | I2: NI_Max | K2: Time | L2: Mob_Learn1 | M2: Mob_Learn2 | N2: Mob_Learn3 | O2: Mob_Learn4 | P2: Mob_Learn5 | Q2: Mob_Min | R2: Mob_Mean | S2: Mob_Max | U2: Time | V2: I_Learn1 | W2: I_Learn2 | X2: I_Learn3 | Y2: I_Learn4 | Z2: I_Learn5 | AA2: I_Min | AB2: I_Mean | AC2: I_Max | AE2: Time | AF2: Mob6_Learn1 | AG2: Mob6_Learn2 | AH2: Mob6_Learn3 | AI2: Mob6_Learn4 | AJ2: Mob6_Learn5 | AK2: Mob6_Min | AL2: Mob6_Mean | AM2: Mob6_Max
A3: 0 | B3: =Learn1!H2 -> 2 | C3: =Learn2!H2 -> 2 | D3: =Learn3!H2 -> 2 | E3: =Learn4!H2 -> 2 | F3: =Learn5!H2 -> 2 | G3: =PERCENTILE(B3:F3,0.25) -> 2 | H3: =PERCENTILE(B3:F3,0.5) -> 2 | I3: =PERCENTILE(B3:F3,0.75) -> 2 | K3: 0 | L3: =Learn1!$G2 -> 100 | M3: =Learn2!$G2 -> 100 | N3: =Learn3!$G2 -> 100 | O3: =Learn4!$G2 -> 100 | P3: =Learn5!$G2 -> 100 | Q3: =MIN(L3:P3) -> 100 | R3: =AVERAGE(L3:P3) -> 100 | S3: =MAX(L3:P3) -> 100 | U3: 0 | V3: =Learn1!D2 -> 2 | W3: =Learn2!D2 -> 2 | X3: =Learn3!D2 -> 2 | Y3: =Learn4!D2 -> 2 | Z3: =Learn5!D2 -> 2 | AA3: =PERCENTILE(V3:Z3,0.25) -> 2 | AB3: =PERCENTILE(V3:Z3,0.5) -> 2 | AC3: =PERCENTILE(V3:Z3,0.75) -> 2 | AE3: 0 | AF3: =L3 -> 100 | AG3: =M3 -> 100 | AH3: =N3 -> 100 | AI3: =O3 -> 100 | AJ3: =P3 -> 100 | AK3: =MIN(AF3:AJ3) -> 100 | AL3: =AVERAGE(AF3:AJ3) -> 100 | AM3: =MAX(AF3:AJ3) -> 100
A4: 1 | B4: =Learn1!H3 -> 0 | C4: =Learn2!H3 -> 0 | D4: =Learn3!H3 -> 1 | E4: =Learn4!H3 -> 2 | F4: =Learn5!H3 -> 1 | G4: =PERCENTILE(B4:F4,0.25) -> 0 | H4: =AVERAGE(B4:F4) -> 0.8 | I4: =PERCENTILE(B4:F4,0.75) -> 1 | K4: 1 | L4: =Learn1!$G3 -> 100 | M4: =Learn2!$G3 -> 100 | N4: =Learn3!$G3 -> 98 | O4: =Learn4!$G3 -> 98 | P4: =Learn5!$G3 -> 98 | Q4: =MIN(L4:P4) -> 98 | R4: =AVERAGE(L4:P4) -> 98.8 | S4: =MAX(L4:P4) -> 100 | U4: 1 | V4: =Learn1!D3 -> 2 | W4: =Learn2!D3 -> 2 | X4: =Learn3!D3 -> 3 | Y4: =Learn4!D3 -> 4 | Z4: =Learn5!D3 -> 3 | AA4: =PERCENTILE(V4:Z4,0.25) -> 2 | AB4: =AVERAGE(V4:Z4) -> 2.8 | AC4: =PERCENTILE(V4:Z4,0.75) -> 3 | AE4: 1 | AF4: =AVERAGE(L3:L4) -> 100 | AG4: =AVERAGE(M3:M4) -> 100 | AH4: =AVERAGE(N3:N4) -> 99 | AI4: =AVERAGE(O3:O4) -> 99 | AJ4: =AVERAGE(P3:P4) -> 99 | AK4: =MIN(AF4:AJ4) -> 99 | AL4: =AVERAGE(AF4:AJ4) -> 99.4 | AM4: =MAX(AF4:AJ4) -> 100
A5: 2 | B5: =Learn1!H4 -> 1 | C5: =Learn2!H4 -> 3 | D5: =Learn3!H4 -> 1 | E5: =Learn4!H4 -> 3 | F5: =Learn5!H4 -> 4 | G5: =PERCENTILE(B5:F5,0.25) -> 1 | H5: =AVERAGE(B5:F5) -> 2.4 | I5: =PERCENTILE(B5:F5,0.75) -> 3 | K5: 2 | L5: =Learn1!$G4 -> 99 | M5: =Learn2!$G4 -> 100 | N5: =Learn3!$G4 -> 98 | O5: =Learn4!$G4 -> 98 | P5: =Learn5!$G4 -> 98 | Q5: =MIN(L5:P5) -> 98 | R5: =AVERAGE(L5:P5) -> 98.6 | S5: =MAX(L5:P5) -> 100 | U5: 2 | V5: =Learn1!D4 -> 3 | W5: =Learn2!D4 -> 5 | X5: =Learn3!D4 -> 4 | Y5: =Learn4!D4 -> 7 | Z5: =Learn5!D4 -> 7 | AA5: =PERCENTILE(V5:Z5,0.25) -> 4 | AB5: =AVERAGE(V5:Z5) -> 5.2 | AC5: =PERCENTILE(V5:Z5,0.75) -> 7 | AE5: 2 | AF5: =AVERAGE(L3:L5) -> 99.666667 | AG5: =AVERAGE(M3:M5) -> 100 | AH5: =AVERAGE(N3:N5) -> 98.666667 | AI5: =AVERAGE(O3:O5) -> 98.666667 | AJ5: =AVERAGE(P3:P5) -> 98.666667 | AK5: =MIN(AF5:AJ5) -> 98.666667 | AL5: =AVERAGE(AF5:AJ5) -> 99.133333 | AM5: =MAX(AF5:AJ5) -> 100
A6: 3 | B6: =Learn1!H5 -> 4 | C6: =Learn2!H5 -> 5 | D6: =Learn3!H5 -> 6 | E6: =Learn4!H5 -> 6 | F6: =Learn5!H5 -> 4 | G6: =PERCENTILE(B6:F6,0.25) -> 4 | H6: =AVERAGE(B6:F6) -> 5 | I6: =PERCENTILE(B6:F6,0.75) -> 6 | K6: 3 | L6: =Learn1!$G5 -> 100 | M6: =Learn2!$G5 -> 100 | N6: =Learn3!$G5 -> 98 | O6: =Learn4!$G5 -> 97 | P6: =Learn5!$G5 -> 98 | Q6: =MIN(L6:P6) -> 97 | R6: =AVERAGE(L6:P6) -> 98.6 | S6: =MAX(L6:P6) -> 100 | U6: 3 | V6: =Learn1!D5 -> 7 | W6: =Learn2!D5 -> 10 | X6: =Learn3!D5 -> 10 | Y6: =Learn4!D5 -> 13 | Z6: =Learn5!D5 -> 11 | AA6: =PERCENTILE(V6:Z6,0.25) -> 10 | AB6: =AVERAGE(V6:Z6) -> 10.2 | AC6: =PERCENTILE(V6:Z6,0.75) -> 11 | AE6: 3 | AF6: =AVERAGE(L3:L6) -> 99.75 | AG6: =AVERAGE(M3:M6) -> 100 | AH6: =AVERAGE(N3:N6) -> 98.5 | AI6: =AVERAGE(O3:O6) -> 98.25 | AJ6: =AVERAGE(P3:P6) -> 98.5 | AK6: =MIN(AF6:AJ6) -> 98.25 | AL6: =AVERAGE(AF6:AJ6) -> 99 | AM6: =MAX(AF6:AJ6) -> 100
A7: 4 | B7: =Learn1!H6 -> 4 | C7: =Learn2!H6 -> 3 | D7: =Learn3!H6 -> 0 | E7: =Learn4!H6 -> 0 | F7: =Learn5!H6 -> 1 | G7: =PERCENTILE(B7:F7,0.25) -> 0 | H7: =AVERAGE(B7:F7) -> 1.6 | I7: =PERCENTILE(B7:F7,0.75) -> 3 | K7: 4 | L7: =Learn1!$G6 -> 19 | M7: =Learn2!$G6 -> 11 | N7: =Learn3!$G6 -> 5 | O7: =Learn4!$G6 -> 14 | P7: =Learn5!$G6 -> 20 | Q7: =MIN(L7:P7) -> 5 | R7: =AVERAGE(L7:P7) -> 13.8 | S7: =MAX(L7:P7) -> 20 | U7: 4 | V7: =Learn1!D6 -> 11 | W7: =Learn2!D6 -> 13 | X7: =Learn3!D6 -> 10 | Y7: =Learn4!D6 -> 13 | Z7: =Learn5!D6 -> 12 | AA7: =PERCENTILE(V7:Z7,0.25) -> 11 | AB7: =AVERAGE(V7:Z7) -> 11.8 | AC7: =PERCENTILE(V7:Z7,0.75) -> 13 | AE7: 4 | AF7: =AVERAGE(L3:L7) -> 83.6 | AG7: =AVERAGE(M3:M7) -> 82.2 | AH7: =AVERAGE(N3:N7) -> 79.8 | AI7: =AVERAGE(O3:O7) -> 81.4 | AJ7: =AVERAGE(P3:P7) -> 82.8 | AK7: =MIN(AF7:AJ7) -> 79.8 | AL7: =AVERAGE(AF7:AJ7) -> 81.96 | AM7: =MAX(AF7:AJ7) -> 83.6
A8: 5 | B8: =Learn1!H7 -> 9 | C8: =Learn2!H7 -> 9 | D8: =Learn3!H7 -> 0 | E8: =Learn4!H7 -> 0 | F8: =Learn5!H7 -> 2 | G8: =PERCENTILE(B8:F8,0.25) -> 0 | H8: =AVERAGE(B8:F8) -> 4 | I8: =PERCENTILE(B8:F8,0.75) -> 9 | K8: 5 | L8: =Learn1!$G7 -> 98 | M8: =Learn2!$G7 -> 98 | N8: =Learn3!$G7 -> 17 | O8: =Learn4!$G7 -> 14 | P8: =Learn5!$G7 -> 26 | Q8: =MIN(L8:P8) -> 14 | R8: =AVERAGE(L8:P8) -> 50.6 | S8: =MAX(L8:P8) -> 98 | U8: 5 | V8: =Learn1!D7 -> 20 | W8: =Learn2!D7 -> 22 | X8: =Learn3!D7 -> 10 | Y8: =Learn4!D7 -> 13 | Z8: =Learn5!D7 -> 14 | AA8: =PERCENTILE(V8:Z8,0.25) -> 13 | AB8: =AVERAGE(V8:Z8) -> 15.8 | AC8: =PERCENTILE(V8:Z8,0.75) -> 20 | AE8: 5 | AF8: =AVERAGE(L3:L8) -> 86 | AG8: =AVERAGE(M3:M8) -> 84.833333 | AH8: =AVERAGE(N3:N8) -> 69.333333 | AI8: =AVERAGE(O3:O8) -> 70.166667 | AJ8: =AVERAGE(P3:P8) -> 73.333333 | AK8: =MIN(AF8:AJ8) -> 69.333333 | AL8: =AVERAGE(AF8:AJ8) -> 76.733333 | AM8: =MAX(AF8:AJ8) -> 86
A9: 6 | B9: =Learn1!H8 -> 5 | C9: =Learn2!H8 -> 4 | D9: =Learn3!H8 -> 0 | E9: =Learn4!H8 -> 0 | F9: =Learn5!H8 -> 3 | G9: =PERCENTILE(B9:F9,0.25) -> 0 | H9: =AVERAGE(B9:F9) -> 2.4 | I9: =PERCENTILE(B9:F9,0.75) -> 4 | K9: 6 | L9: =Learn1!$G8 -> 23 | M9: =Learn2!$G8 -> 20 | N9: =Learn3!$G8 -> 16 | O9: =Learn4!$G8 -> 15 | P9: =Learn5!$G8 -> 18 | Q9: =MIN(L9:P9) -> 15 | R9: =AVERAGE(L9:P9) -> 18.4 | S9: =MAX(L9:P9) -> 23 | U9: 6 | V9: =Learn1!D8 -> 23 | W9: =Learn2!D8 -> 24 | X9: =Learn3!D8 -> 8 | Y9: =Learn4!D8 -> 11 | Z9: =Learn5!D8 -> 15 | AA9: =PERCENTILE(V9:Z9,0.25) -> 11 | AB9: =AVERAGE(V9:Z9) -> 16.2 | AC9: =PERCENTILE(V9:Z9,0.75) -> 23 | AE9: 6 | AF9: =AVERAGE(L4:L9) -> 73.166667 | AG9: =AVERAGE(M4:M9) -> 71.5 | AH9: =AVERAGE(N4:N9) -> 55.333333 | AI9: =AVERAGE(O4:O9) -> 56 | AJ9: =AVERAGE(P4:P9) -> 59.666667 | AK9: =MIN(AF9:AJ9) -> 55.333333 | AL9: =AVERAGE(AF9:AJ9) -> 63.133333 | AM9: =MAX(AF9:AJ9) -> 73.166667
A10: 7 | B10: =Learn1!H9 -> 3 | C10: =Learn2!H9 -> 3 | D10: =Learn3!H9 -> 0 | E10: =Learn4!H9 -> 3 | F10: =Learn5!H9 -> 3 | G10: =PERCENTILE(B10:F10,0.25) -> 3 | H10: =AVERAGE(B10:F10) -> 2.4 | I10: =PERCENTILE(B10:F10,0.75) -> 3 | K10: 7 | L10: =Learn1!$G9 -> 14 | M10: =Learn2!$G9 -> 13 | N10: =Learn3!$G9 -> 10 | O10: =Learn4!$G9 -> 14 | P10: =Learn5!$G9 -> 19 | Q10: =MIN(L10:P10) -> 10 | R10: =AVERAGE(L10:P10) -> 14 | S10: =MAX(L10:P10) -> 19 | U10: 7 | V10: =Learn1!D9 -> 26 | W10: =Learn2!D9 -> 27 | X10: =Learn3!D9 -> 7 | Y10: =Learn4!D9 -> 12 | Z10: =Learn5!D9 -> 17 | AA10: =PERCENTILE(V10:Z10,0.25) -> 12 | AB10: =AVERAGE(V10:Z10) -> 17.8 | AC10: =PERCENTILE(V10:Z10,0.75) -> 26 | AE10: 7 | AF10: =AVERAGE(L5:L10) -> 58.833333 | AG10: =AVERAGE(M5:M10) -> 57 | AH10: =AVERAGE(N5:N10) -> 40.666667 | AI10: =AVERAGE(O5:O10) -> 42 | AJ10: =AVERAGE(P5:P10) -> 46.5 | AK10: =MIN(AF10:AJ10) -> 40.666667 | AL10: =AVERAGE(AF10:AJ10) -> 49 | AM10: =MAX(AF10:AJ10) -> 58.833333
A11: 8 | B11: =Learn1!H10 -> 3 | C11: =Learn2!H10 -> 5 | D11: =Learn3!H10 -> 3 | E11: =Learn4!H10 -> 4 | F11: =Learn5!H10 -> 7 | G11: =PERCENTILE(B11:F11,0.25) -> 3 | H11: =AVERAGE(B11:F11) -> 4.4 | I11: =PERCENTILE(B11:F11,0.75) -> 5 | K11: 8 | L11: =Learn1!$G10 -> 15 | M11: =Learn2!$G10 -> 14 | N11: =Learn3!$G10 -> 93 | O11: =Learn4!$G10 -> 93 | P11: =Learn5!$G10 -> 24 | Q11: =MIN(L11:P11) -> 14 | R11: =AVERAGE(L11:P11) -> 47.8 | S11: =MAX(L11:P11) -> 93 | U11: 8 | V11: =Learn1!D10 -> 28 | W11: =Learn2!D10 -> 29 | X11: =Learn3!D10 -> 9 | Y11: =Learn4!D10 -> 13 | Z11: =Learn5!D10 -> 20 | AA11: =PERCENTILE(V11:Z11,0.25) -> 13 | AB11: =AVERAGE(V11:Z11) -> 19.8 | AC11: =PERCENTILE(V11:Z11,0.75) -> 28 | AE11: 8 | AF11: =AVERAGE(L6:L11) -> 44.833333 | AG11: =AVERAGE(M6:M11) -> 42.666667 | AH11: =AVERAGE(N6:N11) -> 39.833333 | AI11: =AVERAGE(O6:O11) -> 41.166667 | AJ11: =AVERAGE(P6:P11) -> 34.166667 | AK11: =MIN(AF11:AJ11) -> 34.166667 | AL11: =AVERAGE(AF11:AJ11) -> 40.533333 | AM11: =MAX(AF11:AJ11) -> 44.833333
A12: 9 | B12: =Learn1!H11 -> 1 | C12: =Learn2!H11 -> 4 | D12: =Learn3!H11 -> 5 | E12: =Learn4!H11 -> 10 | F12: =Learn5!H11 -> 3 | G12: =PERCENTILE(B12:F12,0.25) -> 3 | H12: =AVERAGE(B12:F12) -> 4.6 | I12: =PERCENTILE(B12:F12,0.75) -> 5 | K12: 9 | L12: =Learn1!$G11 -> 10 | M12: =Learn2!$G11 -> 14 | N12: =Learn3!$G11 -> 99 | O12: =Learn4!$G11 -> 98 | P12: =Learn5!$G11 -> 17 | Q12: =MIN(L12:P12) -> 10 | R12: =AVERAGE(L12:P12) -> 47.6 | S12: =MAX(L12:P12) -> 99 | U12: 9 | V12: =Learn1!D11 -> 25 | W12: =Learn2!D11 -> 28 | X12: =Learn3!D11 -> 8 | Y12: =Learn4!D11 -> 17 | Z12: =Learn5!D11 -> 19 | AA12: =PERCENTILE(V12:Z12,0.25) -> 17 | AB12: =AVERAGE(V12:Z12) -> 19.4 | AC12: =PERCENTILE(V12:Z12,0.75) -> 25 | AE12: 9 | AF12: =AVERAGE(L7:L12) -> 29.833333 | AG12: =AVERAGE(M7:M12) -> 28.333333 | AH12: =AVERAGE(N7:N12) -> 40 | AI12: =AVERAGE(O7:O12) -> 41.333333 | AJ12: =AVERAGE(P7:P12) -> 20.666667 | AK12: =MIN(AF12:AJ12) -> 20.666667 | AL12: =AVERAGE(AF12:AJ12) -> 32.033333 | AM12: =MAX(AF12:AJ12) -> 41.333333
A13: 10 | B13: =Learn1!H12 -> 2 | C13: =Learn2!H12 -> 1 | D13: =Learn3!H12 -> 9 | E13: =Learn4!H12 -> 9 | F13: =Learn5!H12 -> 3 | G13: =PERCENTILE(B13:F13,0.25) -> 2 | H13: =AVERAGE(B13:F13) -> 4.8 | I13: =PERCENTILE(B13:F13,0.75) -> 9 | K13: 10 | L13: =Learn1!$G12 -> 13 | M13: =Learn2!$G12 -> 18 | N13: =Learn3!$G12 -> 98 | O13: =Learn4!$G12 -> 98 | P13: =Learn5!$G12 -> 14 | Q13: =MIN(L13:P13) -> 13 | R13: =AVERAGE(L13:P13) -> 48.2 | S13: =MAX(L13:P13) -> 98 | U13: 10 | V13: =Learn1!D12 -> 23 | W13: =Learn2!D12 -> 26 | X13: =Learn3!D12 -> 17 | Y13: =Learn4!D12 -> 26 | Z13: =Learn5!D12 -> 21 | AA13: =PERCENTILE(V13:Z13,0.25) -> 21 | AB13: =AVERAGE(V13:Z13) -> 22.6 | AC13: =PERCENTILE(V13:Z13,0.75) -> 26 | AE13: 10 | AF13: =AVERAGE(L8:L13) -> 28.833333 | AG13: =AVERAGE(M8:M13) -> 29.5 | AH13: =AVERAGE(N8:N13) -> 55.5 | AI13: =AVERAGE(O8:O13) -> 55.333333 | AJ13: =AVERAGE(P8:P13) -> 19.666667 | AK13: =MIN(AF13:AJ13) -> 19.666667 | AL13: =AVERAGE(AF13:AJ13) -> 37.766667 | AM13: =MAX(AF13:AJ13) -> 55.5
A14: 11 | B14: =Learn1!H13 -> 1 | C14: =Learn2!H13 -> 0 | D14: =Learn3!H13 -> 11 | E14: =Learn4!H13 -> 4 | F14: =Learn5!H13 -> 2 | G14: =PERCENTILE(B14:F14,0.25) -> 1 | H14: =AVERAGE(B14:F14) -> 3.6 | I14: =PERCENTILE(B14:F14,0.75) -> 4 | K14: 11 | L14: =Learn1!$G13 -> 14 | M14: =Learn2!$G13 -> 10 | N14: =Learn3!$G13 -> 98 | O14: =Learn4!$G13 -> 19 | P14: =Learn5!$G13 -> 11 | Q14: =MIN(L14:P14) -> 10 | R14: =AVERAGE(L14:P14) -> 30.4 | S14: =MAX(L14:P14) -> 98 | U14: 11 | V14: =Learn1!D13 -> 15 | W14: =Learn2!D13 -> 17 | X14: =Learn3!D13 -> 28 | Y14: =Learn4!D13 -> 30 | Z14: =Learn5!D13 -> 21 | AA14: =PERCENTILE(V14:Z14,0.25) -> 17 | AB14: =AVERAGE(V14:Z14) -> 22.2 | AC14: =PERCENTILE(V14:Z14,0.75) -> 28 | AE14: 11 | AF14: =AVERAGE(L9:L14) -> 14.833333 | AG14: =AVERAGE(M9:M14) -> 14.833333 | AH14: =AVERAGE(N9:N14) -> 69 | AI14: =AVERAGE(O9:O14) -> 56.166667 | AJ14: =AVERAGE(P9:P14) -> 17.166667 | AK14: =MIN(AF14:AJ14) -> 14.833333 | AL14: =AVERAGE(AF14:AJ14) -> 34.4 | AM14: =MAX(AF14:AJ14) -> 69
A15: 12 | B15: =Learn1!H14 -> 0 | C15: =Learn2!H14 -> 0 | D15: =Learn3!H14 -> 1 | E15: =Learn4!H14 -> 0 | F15: =Learn5!H14 -> 2 | G15: =PERCENTILE(B15:F15,0.25) -> 0 | H15: =AVERAGE(B15:F15) -> 0.6 | I15: =PERCENTILE(B15:F15,0.75) -> 1 | K15: 12 | L15: =Learn1!$G14 -> 14 | M15: =Learn2!$G14 -> 14 | N15: =Learn3!$G14 -> 15 | O15: =Learn4!$G14 -> 14 | P15: =Learn5!$G14 -> 9 | Q15: =MIN(L15:P15) -> 9 | R15: =AVERAGE(L15:P15) -> 13.2 | S15: =MAX(L15:P15) -> 15 | U15: 12 | V15: =Learn1!D14 -> 10 | W15: =Learn2!D14 -> 13 | X15: =Learn3!D14 -> 29 | Y15: =Learn4!D14 -> 30 | Z15: =Learn5!D14 -> 20 | AA15: =PERCENTILE(V15:Z15,0.25) -> 13 | AB15: =AVERAGE(V15:Z15) -> 20.4 | AC15: =PERCENTILE(V15:Z15,0.75) -> 29 | AE15: 12 | AF15: =AVERAGE(L10:L15) -> 13.333333 | AG15: =AVERAGE(M10:M15) -> 13.833333 | AH15: =AVERAGE(N10:N15) -> 68.833333 | AI15: =AVERAGE(O10:O15) -> 56 | AJ15: =AVERAGE(P10:P15) -> 15.666667 | AK15: =MIN(AF15:AJ15) -> 13.333333 | AL15: =AVERAGE(AF15:AJ15) -> 33.533333 | AM15: =MAX(AF15:AJ15) -> 68.833333
A16: 13 | B16: =Learn1!H15 -> 0 | C16: =Learn2!H15 -> 0 | D16: =Learn3!H15 -> 2 | E16: =Learn4!H15 -> 0 | F16: =Learn5!H15 -> 0 | G16: =PERCENTILE(B16:F16,0.25) -> 0 | H16: =AVERAGE(B16:F16) -> 0.4 | I16: =PERCENTILE(B16:F16,0.75) -> 0 | K16: 13 | L16: =Learn1!$G15 -> 20 | M16: =Learn2!$G15 -> 13 | N16: =Learn3!$G15 -> 11 | O16: =Learn4!$G15 -> 7 | P16: =Learn5!$G15 -> 10 | Q16: =MIN(L16:P16) -> 7 | R16: =AVERAGE(L16:P16) -> 12.2 | S16: =MAX(L16:P16) -> 20 | U16: 13 | V16: =Learn1!D15 -> 7 | W16: =Learn2!D15 -> 10 | X16: =Learn3!D15 -> 31 | Y16: =Learn4!D15 -> 27 | Z16: =Learn5!D15 -> 17 | AA16: =PERCENTILE(V16:Z16,0.25) -> 10 | AB16: =AVERAGE(V16:Z16) -> 18.4 | AC16: =PERCENTILE(V16:Z16,0.75) -> 27 | AE16: 13 | AF16: =AVERAGE(L11:L16) -> 14.333333 | AG16: =AVERAGE(M11:M16) -> 13.833333 | AH16: =AVERAGE(N11:N16) -> 69 | AI16: =AVERAGE(O11:O16) -> 54.833333 | AJ16: =AVERAGE(P11:P16) -> 14.166667 | AK16: =MIN(AF16:AJ16) -> 13.833333 | AL16: =AVERAGE(AF16:AJ16) -> 33.233333 | AM16: =MAX(AF16:AJ16) -> 69
A17: 14 | B17: =Learn1!H16 -> 0 | C17: =Learn2!H16 -> 0 | D17: =Learn3!H16 -> 3 | E17: =Learn4!H16 -> 2 | F17: =Learn5!H16 -> 0 | G17: =PERCENTILE(B17:F17,0.25) -> 0 | H17: =AVERAGE(B17:F17) -> 1 | I17: =PERCENTILE(B17:F17,0.75) -> 2 | K17: 14 | L17: =Learn1!$G16 -> 13 | M17: =Learn2!$G16 -> 23 | N17: =Learn3!$G16 -> 12 | O17: =Learn4!$G16 -> 9 | P17: =Learn5!$G16 -> 11 | Q17: =MIN(L17:P17) -> 9 | R17: =AVERAGE(L17:P17) -> 13.6 | S17: =MAX(L17:P17) -> 23 | U17: 14 | V17: =Learn1!D16 -> 4 | W17: =Learn2!D16 -> 5 | X17: =Learn3!D16 -> 31 | Y17: =Learn4!D16 -> 25 | Z17: =Learn5!D16 -> 10 | AA17: =PERCENTILE(V17:Z17,0.25) -> 5 | AB17: =AVERAGE(V17:Z17) -> 15 | AC17: =PERCENTILE(V17:Z17,0.75) -> 25 | AE17: 14 | AF17: =AVERAGE(L12:L17) -> 14 | AG17: =AVERAGE(M12:M17) -> 15.333333 | AH17: =AVERAGE(N12:N17) -> 55.5 | AI17: =AVERAGE(O12:O17) -> 40.833333 | AJ17: =AVERAGE(P12:P17) -> 12 | AK17: =MIN(AF17:AJ17) -> 12 | AL17: =AVERAGE(AF17:AJ17) -> 27.533333 | AM17: =MAX(AF17:AJ17) -> 55.5
A18: 15 | B18: =Learn1!H17 -> 0 | C18: =Learn2!H17 -> 3 | D18: =Learn3!H17 -> 2 | E18: =Learn4!H17 -> 2 | F18: =Learn5!H17 -> 0 | G18: =PERCENTILE(B18:F18,0.25) -> 0 | H18: =AVERAGE(B18:F18) -> 1.4 | I18: =PERCENTILE(B18:F18,0.75) -> 2 | K18: 15 | L18: =Learn1!$G17 -> 25 | M18: =Learn2!$G17 -> 100 | N18: =Learn3!$G17 -> 8 | O18: =Learn4!$G17 -> 17 | P18: =Learn5!$G17 -> 14 | Q18: =MIN(L18:P18) -> 8 | R18: =AVERAGE(L18:P18) -> 32.8 | S18: =MAX(L18:P18) -> 100 | U18: 15 | V18: =Learn1!D17 -> 3 | W18: =Learn2!D17 -> 4 | X18: =Learn3!D17 -> 28 | Y18: =Learn4!D17 -> 17 | Z18: =Learn5!D17 -> 7 | AA18: =PERCENTILE(V18:Z18,0.25) -> 4 | AB18: =AVERAGE(V18:Z18) -> 11.8 | AC18: =PERCENTILE(V18:Z18,0.75) -> 17 | AE18: 15 | AF18: =AVERAGE(L13:L18) -> 16.5 | AG18: =AVERAGE(M13:M18) -> 29.666667 | AH18: =AVERAGE(N13:N18) -> 40.333333 | AI18: =AVERAGE(O13:O18) -> 27.333333 | AJ18: =AVERAGE(P13:P18) -> 11.5 | AK18: =MIN(AF18:AJ18) -> 11.5 | AL18: =AVERAGE(AF18:AJ18) -> 25.066667 | AM18: =MAX(AF18:AJ18) -> 40.333333
A19: 16 | B19: =Learn1!H18 -> 2 | C19: =Learn2!H18 -> 1 | D19: =Learn3!H18 -> 1 | E19: =Learn4!H18 -> 4 | F19: =Learn5!H18 -> 0 | G19: =PERCENTILE(B19:F19,0.25) -> 1 | H19: =AVERAGE(B19:F19) -> 1.6 | I19: =PERCENTILE(B19:F19,0.75) -> 2 | K19: 16 | L19: =Learn1!$G18 -> 100 | M19: =Learn2!$G18 -> 100 | N19: =Learn3!$G18 -> 16 | O19: =Learn4!$G18 -> 94 | P19: =Learn5!$G18 -> 16 | Q19: =MIN(L19:P19) -> 16 | R19: =AVERAGE(L19:P19) -> 65.2 | S19: =MAX(L19:P19) -> 100 | U19: 16 | V19: =Learn1!D18 -> 3 | W19: =Learn2!D18 -> 4 | X19: =Learn3!D18 -> 20 | Y19: =Learn4!D18 -> 12 | Z19: =Learn5!D18 -> 4 | AA19: =PERCENTILE(V19:Z19,0.25) -> 4 | AB19: =AVERAGE(V19:Z19) -> 8.6 | AC19: =PERCENTILE(V19:Z19,0.75) -> 12 | AE19: 16 | AF19: =AVERAGE(L14:L19) -> 31 | AG19: =AVERAGE(M14:M19) -> 43.333333 | AH19: =AVERAGE(N14:N19) -> 26.666667 | AI19: =AVERAGE(O14:O19) -> 26.666667 | AJ19: =AVERAGE(P14:P19) -> 11.833333 | AK19: =MIN(AF19:AJ19) -> 11.833333 | AL19: =AVERAGE(AF19:AJ19) -> 27.9 | AM19: =MAX(AF19:AJ19) -> 43.333333
... A38: 35 | B38: =Learn1!H37 -> 0 | C38: =Learn2!H37 -> 2 | D38: =Learn3!H37 -> 0 | E38: =Learn4!H37 -> 0 | F38: =Learn5!H37 -> 1 | G38: =PERCENTILE(B38:F38,0.25) -> 0 | H38: =AVERAGE(B38:F38) -> 0.6 | I38: =PERCENTILE(B38:F38,0.75) -> 1 | K38: 35 | L38: =Learn1!$G37 -> 19 | M38: =Learn2!$G37 -> 100 | N38: =Learn3!$G37 -> 98 | O38: =Learn4!$G37 -> 14 | P38: =Learn5!$G37 -> 96 | Q38: =MIN(L38:P38) -> 14 | R38: =AVERAGE(L38:P38) -> 65.4 | S38: =MAX(L38:P38) -> 100 | U38: 35 | V38: =Learn1!D37 -> 11 | W38: =Learn2!D37 -> 3 | X38: =Learn3!D37 -> 0 | Y38: =Learn4!D37 -> 5 | Z38: =Learn5!D37 -> 7 | AA38: =PERCENTILE(V38:Z38,0.25) -> 3 | AB38: =AVERAGE(V38:Z38) -> 5.2 | AC38: =PERCENTILE(V38:Z38,0.75) -> 7 | AE38: 35 | AF38: =AVERAGE(L33:L38) -> 57.833333 | AG38: =AVERAGE(M33:M38) -> 61.666667 | AH38: =AVERAGE(N33:N38) -> 55.833333 | AI38: =AVERAGE(O33:O38) -> 83.333333 | AJ38: =AVERAGE(P33:P38) -> 57.5 | AK38: =MIN(AF38:AJ38) -> 55.833333 | AL38: =AVERAGE(AF38:AJ38) -> 63.233333 | AM38: =MAX(AF38:AJ38) -> 83.333333
